// Imagen de Perón convertida a RGB565
// Tamaño: 101x140

#ifndef PERON_IMAGE_H
#define PERON_IMAGE_H

#include <Arduino.h>

const uint16_t PERON_IMG_WIDTH = 101;
const uint16_t PERON_IMG_HEIGHT = 140;

const uint16_t peron_image[] PROGMEM = {
  0xD6BA,0xD6BA,0xD6BA,0xD6BA,0xD6BA,0xD69A,0xD6BA,0xCE79,0xCE79,0xD6BA,
  0xD69A,0xD69A,0xD6BA,0xD6BA,0xD6BA,0xD69A,0xD69A,0xCE79,0xD69A,0xCE79,
  0xCE79,0xCE79,0xCE79,0xD69A,0xD69A,0xCE79,0xCE79,0xCE79,0xCE79,0xCE79,
  0xCE59,0xCE79,0xCE79,0xCE79,0xCE79,0xD69A,0xCE79,0xCE79,0xCE59,0xCE79,
  0xCE79,0xCE79,0xCE79,0xCE59,0xCE79,0xD69A,0xCE79,0xCE79,0xD69A,0xD69A,
  0xCE79,0xCE79,0xCE79,0xD69A,0xD69A,0xCE79,0xCE79,0xCE79,0xD69A,0xCE79,
  0xD69A,0xD69A,0xD69A,0xD69A,0xD69A,0xD6BA,0xD6BA,0xD69A,0xD69A,0xD69A,
  0xD6BA,0xD6BA,0xD6BA,0xD69A,0xD6BA,0xD69A,0xD69A,0xD6BA,0xD69A,0xD6BA,
  0xD69A,0xD6BA,0xD6BA,0xD6BA,0xD6BA,0xD6BA,0xD6BA,0xD6BA,0xD6BA,0xD6BA,
  0xD6BA,0xD6BA,0xD6BA,0xD6BA,0xD6BA,0xD6BA,0xDEDB,0xD6BA,0xDEDB,0xDEDB,
  0xDEDB,
  0xD6BA,0xD69A,0xD6BA,0xD6BA,0xD6BA,0xD69A,0xD69A,0xD6BA,0xD6BA,0xCE79,
  0xD6BA,0xD6BA,0xD69A,0xD6BA,0xD69A,0xD6BA,0xCE79,0xCE79,0xD69A,0xCE79,
  0xD69A,0xCE79,0xCE79,0xCE79,0xCE79,0xD6BA,0xCE79,0xCE79,0xCE79,0xD69A,
  0xCE59,0xCE79,0xCE79,0xCE79,0xD69A,0xCE59,0xCE59,0xCE59,0xD6BA,0xCE79,
  0xCE59,0xD69A,0xCE79,0xCE79,0xCE79,0xCE79,0xD69A,0xCE79,0xCE59,0xD69A,
  0xCE79,0xCE79,0xD69A,0xCE79,0xCE79,0xCE59,0xD6BA,0xD69A,0xD6BA,0xD69A,
  0xD69A,0xD69A,0xD69A,0xCE79,0xD6BA,0xD69A,0xD6BA,0xDEDB,0xD69A,0xCE79,
  0xD69A,0xD6BA,0xD69A,0xDEDB,0xD69A,0xD6BA,0xD6BA,0xD6BA,0xD6BA,0xD6BA,
  0xD6BA,0xD69A,0xD69A,0xD6BA,0xD6BA,0xD69A,0xD6BA,0xD69A,0xD69A,0xD6BA,
  0xD6BA,0xD6BA,0xDEDB,0xD6BA,0xDEFB,0xD6BA,0xDEDB,0xD6BA,0xD69A,0xDEDB,
  0xDEDB,
  0xD6BA,0xD69A,0xD6BA,0xD6BA,0xD6BA,0xD69A,0xD69A,0xCE79,0xDEDB,0xE73C,
  0xD69A,0xD6BA,0xD6BA,0xD6BA,0xCE79,0xD6BA,0xCE79,0xCE79,0xD69A,0xCE59,
  0xD6BA,0xD6BA,0xD69A,0xCE79,0xD69A,0xCE79,0xD69A,0xD69A,0xD6BA,0xCE79,
  0xCE79,0xCE79,0xCE79,0xCE79,0xCE79,0xCE79,0xCE79,0xCE79,0xD69A,0xCE79,
  0xCE79,0xD69A,0xCE79,0xCE59,0xCE79,0xCE79,0xD69A,0xD6BA,0xDEDB,0xD69A,
  0xCE79,0xCE79,0xCE79,0xD6BA,0xD6BA,0xD6BA,0xD69A,0xD69A,0xD69A,0xDEDB,
  0xCE59,0xD6BA,0xD6BA,0xD69A,0xD6BA,0xD69A,0xCE79,0xDEDB,0xD69A,0xD69A,
  0xD6BA,0xD6BA,0xD6BA,0xD6BA,0xD69A,0xD6BA,0xD6BA,0xD69A,0xD6BA,0xD6BA,
  0xD6BA,0xDEDB,0xD6BA,0xD6BA,0xD69A,0xD6BA,0xDEDB,0xDEFB,0xD69A,0xD6BA,
  0xD6BA,0xD6BA,0xD69A,0xD69A,0xDEDB,0xDEDB,0xDEDB,0xDEDB,0xDEDB,0xD6BA,
  0xDEDB,
  0xD6BA,0xD6BA,0xD6BA,0xD6BA,0xD6BA,0xDEDB,0xD6BA,0xD6BA,0xD69A,0xD69A,
  0xD6BA,0xD6BA,0xD69A,0xD6BA,0xD6BA,0xD6BA,0xD69A,0xDEDB,0xD6BA,0xCE79,
  0xD69A,0xCE59,0xD69A,0xD69A,0xCE79,0xD6BA,0xDEDB,0xD6BA,0xCE79,0xCE79,
  0xCE79,0xCE79,0xD69A,0xCE79,0xD69A,0xCE59,0xCE79,0xCE79,0xCE59,0xCE79,
  0xCE79,0xCE79,0xCE79,0xCE79,0xCE79,0xC618,0xBDF7,0xC618,0xBDF7,0xBDF7,
  0xBDF7,0xBDD7,0xBDD7,0xC618,0xBDF7,0xC618,0xCE59,0xCE79,0xD69A,0xD69A,
  0xD69A,0xD6BA,0xD69A,0xD6BA,0xD6BA,0xD6BA,0xD6BA,0xD6BA,0xD6BA,0xDEDB,
  0xD6BA,0xD69A,0xD6BA,0xD69A,0xD6BA,0xD6BA,0xD6BA,0xD6BA,0xD69A,0xD69A,
  0xD6BA,0xD6BA,0xD69A,0xD6BA,0xD6BA,0xD6BA,0xDEDB,0xDEDB,0xDEDB,0xDEDB,
  0xD6BA,0xDEDB,0xD6BA,0xD6BA,0xD69A,0xD69A,0xD6BA,0xD6BA,0xD6BA,0xD6BA,
  0xDEDB,
  0xDEDB,0xD6BA,0xD6BA,0xD6BA,0xD69A,0xD6BA,0xD69A,0xD6BA,0xD6BA,0xD69A,
  0xD6BA,0xD6BA,0xD6BA,0xD6BA,0xD6BA,0xDEDB,0xD69A,0xCE79,0xD69A,0xCE59,
  0xCE79,0xCE79,0xCE79,0xCE79,0xCE79,0xCE79,0xCE79,0xCE79,0xD69A,0xCE79,
  0xCE79,0xCE79,0xD69A,0xCE79,0xCE79,0xCE79,0xD69A,0xCE79,0xD69A,0xD69A,
  0xD69A,0xC638,0xCE59,0xCE79,0xEF5D,0xFFFF,0xFFFF,0xFFFF,0xFFFF,0xFFFF,
  0xFFFF,0xFFFF,0xFFFF,0xFFFF,0xFFFF,0xFFFF,0xFFDF,0xD6BA,0xC618,0xCE59,
  0xCE79,0xD6BA,0xD69A,0xD6BA,0xD6BA,0xD69A,0xD69A,0xD6BA,0xD6BA,0xD69A,
  0xD69A,0xD6BA,0xD6BA,0xD6BA,0xD6BA,0xD6BA,0xD69A,0xD6BA,0xD6BA,0xDEDB,
  0xD6BA,0xD6BA,0xD6BA,0xD6BA,0xD6BA,0xD6BA,0xD6BA,0xDEDB,0xDEDB,0xD69A,
  0xD69A,0xD6BA,0xD6BA,0xD6BA,0xD6BA,0xD6BA,0xD6BA,0xD6BA,0xD69A,0xDEDB,
  0xD6BA,
  0xD6BA,0xDEDB,0xD6BA,0xDEDB,0xD6BA,0xD6BA,0xD6BA,0xD6BA,0xD69A,0xD69A,
  0xDEFB,0xD6BA,0xD6BA,0xD6BA,0xD69A,0xD69A,0xCE79,0xCE79,0xD69A,0xD69A,
  0xDEDB,0xD69A,0xCE79,0xD6BA,0xD69A,0xCE79,0xD69A,0xCE59,0xCE79,0xCE79,
  0xCE79,0xD69A,0xD69A,0xD6BA,0xD69A,0xCE79,0xD69A,0xD69A,0xD69A,0xCE59,
  0xE73C,0xFFFF,0xFFFF,0xFFFF,0xFFFF,0xEF5D,0x94B2,0x5ACB,0x4208,0x4208,
  0x31A6,0x39E7,0x528A,0x8410,0xAD55,0xCE59,0xFFFF,0xFFFF,0xFFFF,0xFFFF,
  0xE73C,0xC638,0xC638,0xD69A,0xD69A,0xD6BA,0xD6BA,0xD6BA,0xD6BA,0xD69A,
  0xDEFB,0xDEDB,0xDEDB,0xD69A,0xDEDB,0xD6BA,0xD6BA,0xD69A,0xD6BA,0xD6BA,
  0xD6BA,0xD6BA,0xD69A,0xD6BA,0xDEFB,0xDEDB,0xD6BA,0xDEDB,0xDEDB,0xDEDB,
  0xDEDB,0xD6BA,0xD6BA,0xD6BA,0xD6BA,0xD6BA,0xD6BA,0xD6BA,0xDEDB,0xDEDB,
  0xDEDB,
  0xD6BA,0xD6BA,0xDEDB,0xDEDB,0xDEDB,0xDEDB,0xD6BA,0xD6BA,0xDEFB,0xDEDB,
  0xD6BA,0xD6BA,0xD69A,0xD6BA,0xD6BA,0xD69A,0xD6BA,0xDEDB,0xD6BA,0xD69A,
  0xD6BA,0xD69A,0xD6BA,0xD6BA,0xD6BA,0xD6BA,0xD69A,0xD69A,0xD69A,0xCE79,
  0xCE79,0xD69A,0xD69A,0xD69A,0xCE79,0xCE79,0xD69A,0xCE79,0xD6BA,0xFFFF,
  0xFFFF,0xCE59,0x528A,0x0000,0x0000,0x0000,0x0000,0x0000,0x0000,0x0000,
  0x0000,0x0000,0x0000,0x0000,0x0000,0x0000,0x0000,0x0000,0x6B6D,0xFFFF,
  0xFFFF,0xFFFF,0xFFFF,0xDEDB,0xCE59,0xD6BA,0xDEDB,0xD6BA,0xDEDB,0xDEDB,
  0xD6BA,0xD6BA,0xD6BA,0xD6BA,0xDEDB,0xD6BA,0xD6BA,0xD6BA,0xD6BA,0xD6BA,
  0xD6BA,0xD6BA,0xD69A,0xD6BA,0xDEFB,0xDEFB,0xDEDB,0xDEDB,0xDEDB,0xDEDB,
  0xDEDB,0xE71C,0xDEFB,0xDEDB,0xD6BA,0xDEDB,0xDEDB,0xDEDB,0xDEDB,0xDEDB,
  0xDEDB,
  0xDEDB,0xDEDB,0xDEDB,0xD6BA,0xDEDB,0xD69A,0xD69A,0xD6BA,0xD6BA,0xD69A,
  0xDEDB,0xD6BA,0xD6BA,0xDEDB,0xD6BA,0xD6BA,0xCE79,0xD6BA,0xCE59,0xD69A,
  0xD6BA,0xCE79,0xD6BA,0xCE79,0xD69A,0xCE79,0xD69A,0xD69A,0xD69A,0xCE59,
  0xCE79,0xD69A,0xCE79,0xCE59,0xCE79,0xD69A,0xCE79,0xF7BE,0xFFFF,0xB596,
  0x0000,0x0000,0x0000,0x0000,0x0000,0x0841,0x10A2,0x0861,0x0841,0x0020,
  0x0020,0x0020,0x0861,0x0841,0x0861,0x0020,0x0000,0x0000,0x0000,0x0000,
  0x0000,0x2945,0xE73C,0xFFFF,0xFFFF,0xDEFB,0xCE59,0xE71C,0xD6BA,0xD6BA,
  0xDEDB,0xD69A,0xD69A,0xD6BA,0xD6BA,0xD6BA,0xD6BA,0xD6BA,0xDEDB,0xD6BA,
  0xD69A,0xD6BA,0xD6BA,0xD69A,0xD69A,0xDEDB,0xDEDB,0xDEDB,0xDEDB,0xD6BA,
  0xD6BA,0xD69A,0xDEDB,0xD6BA,0xD6BA,0xD69A,0xDEDB,0xDEDB,0xDEDB,0xDEDB,
  0xDEFB,
  0xDEDB,0xD6BA,0xDEDB,0xDEDB,0xDEDB,0xD6BA,0xD6BA,0xDEDB,0xD6BA,0xD6BA,
  0xD6BA,0xDEFB,0xD6BA,0xD6BA,0xD69A,0xCE79,0xD69A,0xD6BA,0xD69A,0xDEDB,
  0xDEDB,0xD69A,0xD6BA,0xD6BA,0xD69A,0xCE79,0xD69A,0xD69A,0xD69A,0xD69A,
  0xCE79,0xDEDB,0xD6BA,0xD6BA,0xD69A,0xCE79,0xFFFF,0xFFFF,0x4228,0x0000,
  0x0000,0x0000,0x0861,0x0861,0x0000,0x0020,0x0000,0x0000,0x0000,0x0000,
  0x0020,0x0000,0x0000,0x0841,0x10A2,0x1082,0x31A6,0x2104,0x0020,0x0000,
  0x0000,0x0000,0x0000,0x0000,0xB596,0xFFFF,0xFFFF,0xCE59,0xD6BA,0xDEDB,
  0xDEFB,0xDEDB,0xDEFB,0xD6BA,0xDEFB,0xD6BA,0xD6BA,0xDEDB,0xDEDB,0xD6BA,
  0xD6BA,0xDEFB,0xD6BA,0xD6BA,0xD6BA,0xDEDB,0xDEDB,0xD6BA,0xDEDB,0xDEDB,
  0xDEDB,0xDEDB,0xDEDB,0xDEDB,0xDEDB,0xDEDB,0xDEDB,0xD6BA,0xD6BA,0xDEDB,
  0xDEDB,
  0xDEDB,0xDEDB,0xDEDB,0xD6BA,0xDEDB,0xDEDB,0xD6BA,0xD6BA,0xD69A,0xD6BA,
  0xD6BA,0xD69A,0xD6BA,0xDEDB,0xD6BA,0xD69A,0xD69A,0xD6BA,0xD6BA,0xCE59,
  0xD6BA,0xCE79,0xD69A,0xD69A,0xCE59,0xD69A,0xCE79,0xD69A,0xD69A,0xD69A,
  0xCE79,0xCE79,0xD69A,0xD69A,0xD6BA,0xFFFF,0xFFFF,0x0000,0x0000,0x0000,
  0x0000,0x0000,0x0000,0x0000,0x0000,0x0000,0x0000,0x0000,0x0000,0x0000,
  0x0000,0x0000,0x0000,0x0000,0x0000,0x0861,0x2965,0x4208,0x738E,0x630C,
  0x10A2,0x0861,0x0000,0x0000,0x0000,0x0000,0xFFFF,0xFFFF,0xDEDB,0xD69A,
  0xDEDB,0xDEDB,0xD69A,0xD6BA,0xD69A,0xD6BA,0xD6BA,0xD6BA,0xD6BA,0xD6BA,
  0xDEDB,0xDEDB,0xDEDB,0xD6BA,0xDEDB,0xDEDB,0xDEDB,0xE71C,0xD6BA,0xDEDB,
  0xDEDB,0xD6BA,0xDEDB,0xD69A,0xDEFB,0xD6BA,0xE71C,0xD6BA,0xDEDB,0xDEFB,
  0xDEDB,
  0xDEDB,0xD6BA,0xDEDB,0xDEDB,0xDEFB,0xDEDB,0xD6BA,0xDEDB,0xD6BA,0xD6BA,
  0xDEDB,0xD69A,0xD6BA,0xD6BA,0xD6BA,0xCE79,0xD69A,0xD6BA,0xD69A,0xD6BA,
  0xD69A,0xD69A,0xD6BA,0xD69A,0xD6BA,0xD6BA,0xD69A,0xD6BA,0xD69A,0xCE59,
  0xD6BA,0xD6BA,0xD69A,0xE71C,0xFFFF,0x7BEF,0x0000,0x0000,0x0000,0x0000,
  0x0000,0x0000,0x0000,0x0000,0x0000,0x0000,0x0000,0x0000,0x0000,0x0020,
  0x528A,0x2945,0x1082,0x3186,0x4A49,0x0841,0x0000,0x0000,0x0000,0x18C3,
  0x1082,0x10A2,0x0841,0x0000,0x0000,0x0000,0x0000,0x9CD3,0xFFFF,0xEF5D,
  0xD69A,0xE71C,0xDEFB,0xDEDB,0xD6BA,0xD6BA,0xDEDB,0xD6BA,0xD6BA,0xD6BA,
  0xD6BA,0xDEDB,0xDEDB,0xD6BA,0xDEDB,0xDEDB,0xD69A,0xDEDB,0xDEDB,0xDEDB,
  0xDEDB,0xDEDB,0xD6BA,0xDEDB,0xDEDB,0xD6BA,0xDEDB,0xDEDB,0xE71C,0xE71C,
  0xDEFB,
  0xDEDB,0xDEDB,0xE71C,0xDEDB,0xD69A,0xDEFB,0xDEDB,0xDEDB,0xD6BA,0xD69A,
  0xD6BA,0xD6BA,0xDEDB,0xDEDB,0xD6BA,0xD6BA,0xDEFB,0xDEDB,0xB5B6,0xCE59,
  0xD6BA,0xD69A,0xDEDB,0xDEDB,0xCE79,0xD6BA,0xD6BA,0xD6BA,0xD6BA,0xD6BA,
  0xD6BA,0xD69A,0xE73C,0xFFFF,0x528A,0x0000,0x0000,0x0000,0x0000,0x0000,
  0x0841,0x18C3,0x18E3,0x8430,0xBDF7,0x8410,0x9CD3,0xDEFB,0xBDD7,0x8C71,
  0xFFFF,0xFFFF,0xFFFF,0xFFFF,0xFFFF,0xFFFF,0x7BEF,0x2945,0x0000,0x3186,
  0x39C7,0x6B6D,0x630C,0x31A6,0x0000,0x31A6,0x10A2,0x0000,0x31A6,0xFFFF,
  0xEF5D,0xD69A,0xD69A,0xDEDB,0xDEDB,0xD69A,0xDEFB,0xDEDB,0xD69A,0xDEFB,
  0xDEDB,0xDEDB,0xD6BA,0xD6BA,0xDEDB,0xDEDB,0xDEDB,0xDEDB,0xDEDB,0xDEDB,
  0xD6BA,0xDEDB,0xDEDB,0xD6BA,0xDEDB,0xDEDB,0xDEDB,0xDEDB,0xDEDB,0xD6BA,
  0xDEFB,
  0xDEDB,0xDEDB,0xDEDB,0xD6BA,0xDEDB,0xD6BA,0xDEDB,0xDEDB,0xDEDB,0xD6BA,
  0xDEDB,0xD6BA,0xD69A,0xD6BA,0xD69A,0xD69A,0xCE79,0xD6BA,0xDEDB,0xDEDB,
  0xD6BA,0xD6BA,0xD6BA,0xD6BA,0xD69A,0xD6BA,0xCE79,0xCE79,0xD69A,0xD69A,
  0xDEDB,0xCE79,0xFFFF,0x31A6,0x0000,0x2104,0x4208,0x2945,0x3186,0x632C,
  0x9CD3,0xB5B6,0xF79E,0xE73C,0xF79E,0xE73C,0xC618,0xEF5D,0xFFFF,0xDEDB,
  0xD6BA,0xD69A,0xDEFB,0xEF5D,0xDEFB,0xFFFF,0xFFFF,0xFFFF,0xA514,0x10A2,
  0x0020,0x2945,0x18C3,0x31A6,0x18E3,0x0861,0x2124,0x3186,0x0000,0x4228,
  0xFFFF,0xE71C,0xDEFB,0xD69A,0xDEDB,0xDEDB,0xD6BA,0xDEDB,0xDEDB,0xD6BA,
  0xDEDB,0xDEDB,0xD6BA,0xDEDB,0xDEDB,0xD69A,0xDEDB,0xDEDB,0xDEDB,0xD6BA,
  0xD6BA,0xDEDB,0xDEDB,0xDEDB,0xD6BA,0xDEDB,0xDEDB,0xD6BA,0xDEFB,0xDEFB,
  0xDEFB,
  0xDEFB,0xDEDB,0xDEDB,0xDEDB,0xDEDB,0xDEFB,0xDEDB,0xDEDB,0xD6BA,0xDEDB,
  0xD6BA,0xD6BA,0xD6BA,0xDEDB,0xD6BA,0xD6BA,0xD6BA,0xDEFB,0xD69A,0xD69A,
  0xD69A,0xD69A,0xD6BA,0xD6BA,0xCE79,0xD69A,0xD6BA,0xD69A,0xD6BA,0xD69A,
  0xCE79,0xFFFF,0xCE79,0x0000,0x9492,0xBDF7,0xB596,0xA534,0x8C51,0x9CF3,
  0xAD75,0xC618,0xB596,0xAD55,0xBDF7,0xB596,0xC618,0xBDD7,0xBDD7,0xD6BA,
  0xDEFB,0xC618,0xC618,0xDEFB,0xD69A,0xD69A,0xD6BA,0xFFFF,0xFFFF,0x8C71,
  0x0000,0x0000,0x5AEB,0x630C,0x4208,0x3186,0x2104,0x2945,0x2104,0x0000,
  0xCE59,0xFFFF,0xDEFB,0xE73C,0xD69A,0xDEDB,0xD69A,0xDEDB,0xDEDB,0xDEDB,
  0xDEDB,0xE71C,0xDEFB,0xDEDB,0xDEFB,0xDEDB,0xE71C,0xDEDB,0xDEDB,0xDEDB,
  0xDEDB,0xE71C,0xDEDB,0xD69A,0xE71C,0xDEFB,0xDEFB,0xDEDB,0xE71C,0xDEFB,
  0xDEFB,
  0xDEDB,0xDEFB,0xDEFB,0xE71C,0xDEDB,0xDEDB,0xDEDB,0xD69A,0xDEDB,0xDEDB,
  0xD6BA,0xD6BA,0xD69A,0xD69A,0xD6BA,0xD6BA,0xD6BA,0xD6BA,0xD69A,0xD6BA,
  0xD6BA,0xD69A,0xD69A,0xDEFB,0xD6BA,0xD6BA,0xD6BA,0xD69A,0xD69A,0xD69A,
  0xFFFF,0xFFDF,0x0000,0x8410,0x8C51,0x630C,0x73AE,0x6B4D,0x73AE,0xA514,
  0x9CD3,0x8410,0x8C71,0x8C51,0x9CF3,0xA534,0xBDD7,0xBDD7,0xAD55,0xA514,
  0x9CF3,0xC618,0xB5B6,0xBDF7,0xD69A,0xC618,0xCE59,0xE71C,0xFFFF,0xFFFF,
  0xEF5D,0x39E7,0x0000,0x6B6D,0xA534,0x2945,0x0000,0x2124,0x0861,0x0000,
  0x0000,0xFFFF,0xFFFF,0xD69A,0xDEDB,0xD69A,0xDEDB,0xD6BA,0xD6BA,0xD6BA,
  0xD69A,0xDEDB,0xDEDB,0xD69A,0xDEFB,0xD6BA,0xDEDB,0xDEDB,0xDEDB,0xDEDB,
  0xD6BA,0xD6BA,0xE71C,0xDEDB,0xDEDB,0xDEFB,0xE71C,0xDEDB,0xD6BA,0xDEFB,
  0xDEFB,
  0xDEFB,0xD6BA,0xDEDB,0xDEFB,0xDEDB,0xDEDB,0xDEDB,0xDEDB,0xD69A,0xD6BA,
  0xDEDB,0xDEDB,0xDEDB,0xD6BA,0xD6BA,0xD6BA,0xD6BA,0xD6BA,0xD6BA,0xD6BA,
  0xD6BA,0xD6BA,0xDEDB,0xD69A,0xD69A,0xD6BA,0xD6BA,0xD69A,0xD6BA,0xD69A,
  0xFFFF,0x10A2,0x2945,0x8C71,0x4228,0x5AEB,0x5ACB,0x6B6D,0x8410,0x73AE,
  0x6B6D,0x9492,0x94B2,0x8C71,0x9CD3,0x9CF3,0xB5B6,0x94B2,0xA514,0xCE79,
  0xD69A,0xDEFB,0xCE79,0xD69A,0xCE79,0xCE79,0xCE59,0xCE59,0xC638,0xFFFF,
  0xFFFF,0x738E,0x3186,0x0000,0x0000,0x9CD3,0x8410,0x0861,0x0000,0x0020,
  0x0000,0x4208,0xFFFF,0xD69A,0xD6BA,0xDEDB,0xDEDB,0xDEDB,0xDEDB,0xD6BA,
  0xDEDB,0xDEDB,0xD6BA,0xDEDB,0xDEDB,0xD6BA,0xDEDB,0xE71C,0xDEDB,0xDEDB,
  0xDEDB,0xD6BA,0xD69A,0xD6BA,0xDEDB,0xDEDB,0xDEDB,0xDEFB,0xE71C,0xDEFB,
  0xDEFB,
  0xDEFB,0xDEFB,0xDEFB,0xDEDB,0xDEDB,0xD6BA,0xDEDB,0xDEDB,0xD69A,0xDEDB,
  0xDEDB,0xDEDB,0xD6BA,0xDEDB,0xDEDB,0xD6BA,0xD6BA,0xDEDB,0xD6BA,0xD6BA,
  0xD69A,0xD69A,0xDEDB,0xD69A,0xD69A,0xD6BA,0xD6BA,0xDEDB,0xCE79,0xFFFF,
  0xD69A,0x0000,0x9492,0x52AA,0x6B6D,0x7BEF,0x8430,0x8C71,0x630C,0x7BEF,
  0xA534,0xCE59,0xAD75,0xB5B6,0xA534,0xBDF7,0xBDF7,0xAD75,0xCE79,0xD6BA,
  0xCE79,0xE71C,0xE71C,0xEF7D,0xEF7D,0xFFDF,0xEF7D,0xDEDB,0xE71C,0xD69A,
  0xFFFF,0x630C,0x0000,0x5ACB,0x7BCF,0x1082,0x6B6D,0x630C,0x39C7,0x18E3,
  0x0000,0x0000,0xFFFF,0xF7BE,0xD6BA,0xDEDB,0xD6BA,0xDEDB,0xDEDB,0xDEDB,
  0xDEDB,0xDEDB,0xDEDB,0xDEDB,0xDEDB,0xDEDB,0xDEDB,0xE71C,0xDEDB,0xDEDB,
  0xE71C,0xDEDB,0xDEDB,0xDEDB,0xDEDB,0xDEDB,0xDEFB,0xD6BA,0xDEFB,0xE71C,
  0xDEFB,
  0xDEFB,0xDEFB,0xDEFB,0xD6BA,0xDEDB,0xDEDB,0xDEDB,0xD6BA,0xD6BA,0xDEDB,
  0xDEDB,0xDEDB,0xD69A,0xD69A,0xD6BA,0xD6BA,0xD6BA,0xDEDB,0xDEDB,0xD69A,
  0xD6BA,0xD6BA,0xD6BA,0xDEFB,0xD69A,0xD6BA,0xD6BA,0xD6BA,0xDEDB,0xFFFF,
  0x0020,0x528A,0x8410,0x632C,0x5ACB,0x7BEF,0x8C51,0x6B6D,0x8C51,0xA534,
  0xCE59,0xB5B6,0xAD75,0xA534,0x9CF3,0xBDF7,0xAD75,0xC618,0xCE79,0xDEDB,
  0xEF5D,0xD69A,0xDEDB,0xD6BA,0xE73C,0xE73C,0xEF7D,0xEF7D,0xF7BE,0xFFFF,
  0xFFFF,0xBDF7,0x0000,0x0020,0xBDF7,0x39E7,0x94B2,0x8430,0x5AEB,0x630C,
  0x52AA,0x0000,0xC638,0xFFFF,0xD69A,0xD6BA,0xD69A,0xD6BA,0xD6BA,0xDEDB,
  0xD6BA,0xDEDB,0xD69A,0xDEFB,0xD69A,0xD69A,0xE71C,0xD6BA,0xDEDB,0xDEDB,
  0xD69A,0xDEDB,0xDEDB,0xDEDB,0xDEDB,0xDEDB,0xE71C,0xDEDB,0xDEDB,0xD6BA,
  0xDEFB,
  0xDEFB,0xDEFB,0xDEFB,0xDEDB,0xDEDB,0xDEDB,0xDEDB,0xDEFB,0xDEDB,0xDEDB,
  0xDEDB,0xD6BA,0xD69A,0xDEDB,0xDEFB,0xD69A,0xD6BA,0xD6BA,0xD69A,0xD6BA,
  0xD6BA,0xD69A,0xDEDB,0xD69A,0xD69A,0xD6BA,0xD6BA,0xCE79,0xFFFF,0x9CF3,
  0x0000,0x9492,0x630C,0x630C,0x52AA,0x8C71,0x7BCF,0xAD55,0xA534,0xAD55,
  0xBDD7,0x9CD3,0xAD55,0x9CD3,0x9CF3,0xAD55,0x9CF3,0xDEFB,0xCE79,0xCE79,
  0xE71C,0xEF7D,0xF79E,0xFFDF,0xEF5D,0xE71C,0xDEFB,0xF7BE,0xEF7D,0xFFDF,
  0xFFFF,0xFFFF,0x0020,0x3186,0x6B4D,0x2124,0x0000,0x5ACB,0x0000,0x2104,
  0x18C3,0x0000,0x4228,0xFFFF,0xD69A,0xD6BA,0xD69A,0xD6BA,0xE71C,0xDEFB,
  0xDEDB,0xE71C,0xDEDB,0xD6BA,0xE71C,0xE71C,0xDEDB,0xDEFB,0xDEFB,0xD6BA,
  0xDEDB,0xDEDB,0xD6BA,0xD6BA,0xE71C,0xD6BA,0xD6BA,0xDEFB,0xE71C,0xDEFB,
  0xDEFB,
  0xDEFB,0xDEDB,0xDEDB,0xDEDB,0xD6BA,0xDEDB,0xD69A,0xDEDB,0xD6BA,0xDEDB,
  0xDEDB,0xDEDB,0xDEDB,0xDEDB,0xDEDB,0xD6BA,0xD6BA,0xD6BA,0xD6BA,0xD6BA,
  0xD6BA,0xD69A,0xDEDB,0xD69A,0xD6BA,0xDEDB,0xDEDB,0xD6BA,0xFFFF,0x2124,
  0x4A69,0x9CD3,0x6B6D,0x528A,0x8C71,0xBDD7,0x9CD3,0xA514,0x9CF3,0xC618,
  0xBDF7,0xBDF7,0xD69A,0xD69A,0xD6BA,0xD69A,0xE73C,0xFFFF,0xF7BE,0xEF5D,
  0xEF7D,0xFFFF,0xEF7D,0xEF5D,0xFFFF,0xF79E,0xFFDF,0xFFFF,0xFFFF,0xEF5D,
  0xFFFF,0xE73C,0x2124,0x39E7,0x52AA,0x3186,0x10A2,0x39C7,0x4228,0x630C,
  0x1082,0x0000,0x0000,0xFFFF,0xEF5D,0xDEDB,0xDEDB,0xD69A,0xD69A,0xD69A,
  0xDEDB,0xDEDB,0xDEDB,0xDEDB,0xD6BA,0xDEDB,0xDEFB,0xE71C,0xDEFB,0xDEFB,
  0xDEFB,0xDEFB,0xDEDB,0xD69A,0xE71C,0xDEFB,0xDEFB,0xDEFB,0xDEFB,0xDEFB,
  0xDEFB,
  0xDEFB,0xDEFB,0xDEDB,0xDEDB,0xDEDB,0xD6BA,0xDEDB,0xDEDB,0xDEDB,0xDEDB,
  0xDEDB,0xD6BA,0xD6BA,0xDEDB,0xD6BA,0xD6BA,0xD6BA,0xD6BA,0xD6BA,0xD69A,
  0xD69A,0xD6BA,0xD6BA,0xD6BA,0xD69A,0xD69A,0xD69A,0xF79E,0xF7BE,0x0000,
  0x9492,0x8410,0x5ACB,0x73AE,0xB5B6,0xBDD7,0xC618,0xC638,0xCE79,0xDEFB,
  0xCE59,0xD69A,0xD6BA,0xCE59,0xC638,0xC638,0xCE79,0xD6BA,0xD6BA,0xD69A,
  0xCE59,0xEF7D,0xDEDB,0xE73C,0xF79E,0xEF7D,0xFFDF,0xFFFF,0xFFFF,0xFFFF,
  0xFFFF,0xE73C,0x52AA,0x31A6,0x39C7,0x5AEB,0x73AE,0x4208,0x8410,0x39E7,
  0x39C7,0x1082,0x0000,0xEF5D,0xFFFF,0xD69A,0xDEFB,0xDEFB,0xDEDB,0xD6BA,
  0xDEDB,0xDEDB,0xDEDB,0xDEDB,0xD69A,0xDEDB,0xD6BA,0xDEDB,0xE71C,0xDEDB,
  0xE71C,0xE71C,0xDEDB,0xDEDB,0xD6BA,0xDEDB,0xDEFB,0xDEFB,0xD6BA,0xE71C,
  0xDEFB,
  0xDEFB,0xE71C,0xE71C,0xDEDB,0xDEDB,0xDEDB,0xDEDB,0xDEDB,0xD6BA,0xDEDB,
  0xD6BA,0xDEDB,0xDEDB,0xDEFB,0xDEDB,0xD69A,0xD6BA,0xD6BA,0xD6BA,0xD6BA,
  0xD6BA,0xD6BA,0xDEDB,0xD69A,0xD6BA,0xDEDB,0xCE79,0xFFFF,0xAD75,0x0000,
  0xAD55,0x6B4D,0x8430,0x8C71,0x8430,0x8430,0x9CF3,0xA514,0xAD55,0xD6BA,
  0xC638,0xCE59,0xC618,0xAD75,0xD69A,0xEF5D,0xE73C,0xC618,0xCE59,0xC618,
  0xCE59,0xD69A,0xDEDB,0xE73C,0xFFDF,0xFFDF,0xFFFF,0xFFFF,0xFFFF,0xFFFF,
  0xFFFF,0xFFFF,0xAD75,0x39E7,0x2965,0x39E7,0x8410,0x52AA,0x73AE,0x3186,
  0x0000,0x1082,0x0000,0xB5B6,0xFFFF,0xD69A,0xDEDB,0xD69A,0xDEDB,0xDEDB,
  0xDEDB,0xD6BA,0xDEDB,0xDEDB,0xDEDB,0xDEDB,0xE71C,0xDEDB,0xDEFB,0xDEDB,
  0xD6BA,0xDEDB,0xDEDB,0xDEDB,0xE71C,0xDEDB,0xDEDB,0xDEDB,0xE71C,0xE71C,
  0xDEFB,
  0xDEFB,0xD6BA,0xDEFB,0xD6BA,0xDEDB,0xDEDB,0xDEDB,0xDEDB,0xDEDB,0xDEFB,
  0xDEFB,0xD6BA,0xD6BA,0xDEDB,0xD69A,0xD6BA,0xDEDB,0xD6BA,0xD69A,0xD69A,
  0xD6BA,0xD6BA,0xD6BA,0xD69A,0xD69A,0xD6BA,0xCE79,0xFFFF,0x6B6D,0x0841,
  0x9CF3,0x7BCF,0x73AE,0x8430,0x94B2,0x9CF3,0xA514,0xA514,0xC638,0xEF5D,
  0xD6BA,0xDEDB,0xBDD7,0xC638,0xBDD7,0xC618,0xB596,0xB596,0xE71C,0xEF7D,
  0xEF5D,0xDEDB,0xFFFF,0xFFFF,0xFFFF,0xFFFF,0xFFFF,0xFFFF,0xFFFF,0xFFFF,
  0xFFFF,0xD69A,0xD69A,0x9492,0x630C,0x39C7,0x5AEB,0x52AA,0x94B2,0x528A,
  0x5AEB,0x2965,0x0000,0xFFFF,0xFFFF,0xDEDB,0xDEDB,0xDEDB,0xDEDB,0xD69A,
  0xDEDB,0xDEDB,0xD6BA,0xDEDB,0xD6BA,0xDEDB,0xDEDB,0xDEDB,0xDEDB,0xE71C,
  0xD6BA,0xD6BA,0xD6BA,0xE71C,0xDEDB,0xDEDB,0xE71C,0xD6BA,0xDEFB,0xDEFB,
  0xDEFB,
  0xDEFB,0xE71C,0xE71C,0xE71C,0xDEDB,0xE71C,0xDEDB,0xE71C,0xDEDB,0xDEDB,
  0xDEDB,0xDEDB,0xDEFB,0xDEDB,0xD6BA,0xD6BA,0xD6BA,0xD6BA,0xD69A,0xDEDB,
  0xD69A,0xD6BA,0xD6BA,0xD6BA,0xD6BA,0xDEDB,0xCE59,0xFFFF,0x39C7,0x39C7,
  0x94B2,0x6B4D,0x8C71,0x8410,0x632C,0x7BEF,0xB5B6,0xA514,0xB5B6,0xDEDB,
  0xBDD7,0x8C71,0x8C71,0x9CF3,0xBDF7,0xBDD7,0xC638,0xE73C,0xE71C,0xDEFB,
  0xEF5D,0xE73C,0xEF5D,0xEF7D,0xFFFF,0xFFFF,0xFFFF,0xFFFF,0xFFFF,0xFFFF,
  0xFFFF,0xFFDF,0xA534,0x5AEB,0x6B4D,0x52AA,0x738E,0x5ACB,0x528A,0x632C,
  0x10A2,0x3186,0x0000,0xC618,0xFFFF,0xD69A,0xDEDB,0xDEDB,0xE71C,0xDEDB,
  0xDEDB,0xDEDB,0xDEDB,0xDEDB,0xDEDB,0xE71C,0xDEFB,0xE71C,0xDEDB,0xDEDB,
  0xDEDB,0xE71C,0xDEFB,0xD6BA,0xDEDB,0xDEDB,0xDEFB,0xDEFB,0xDEFB,0xDEFB,
  0xDEFB,
  0xDEDB,0xD6BA,0xDEFB,0xE71C,0xDEFB,0xD6BA,0xDEDB,0xDEDB,0xD69A,0xDEDB,
  0xD6BA,0xD69A,0xD6BA,0xDEDB,0xD6BA,0xD6BA,0xD6BA,0xD6BA,0xD69A,0xD6BA,
  0xCE79,0xDEDB,0xD6BA,0xD69A,0xDEDB,0xDEDB,0xD6BA,0xFFFF,0x2124,0x52AA,
  0x8410,0x7BCF,0x738E,0x5ACB,0x5AEB,0x9492,0x9492,0xAD75,0xDEDB,0xB596,
  0xB596,0xA514,0x9CD3,0xA514,0xD6BA,0xE71C,0xE73C,0xE71C,0xD6BA,0xD69A,
  0xE71C,0xF79E,0xFFDF,0xFFFF,0xFFFF,0xFFFF,0xFFFF,0xFFFF,0xFFFF,0xFFFF,
  0xFFFF,0xFFDF,0xBDF7,0xDEDB,0x0000,0x7BEF,0x9CD3,0x5ACB,0x52AA,0x738E,
  0x4A69,0x8C51,0x0000,0x7BCF,0xFFFF,0xCE79,0xE71C,0xDEDB,0xDEDB,0xDEDB,
  0xDEDB,0xDEDB,0xD6BA,0xD6BA,0xD6BA,0xDEFB,0xDEFB,0xE71C,0xE71C,0xDEFB,
  0xDEFB,0xE71C,0xDEDB,0xD6BA,0xE71C,0xDEFB,0xDEFB,0xDEFB,0xDEFB,0xDEFB,
  0xDEFB,
  0xDEFB,0xE71C,0xD6BA,0xD6BA,0xDEFB,0xDEDB,0xDEDB,0xDEDB,0xD6BA,0xDEDB,
  0xDEFB,0xDEDB,0xDEDB,0xDEDB,0xD69A,0xD6BA,0xD6BA,0xD6BA,0xD69A,0xD6BA,
  0xD6BA,0xD6BA,0xD6BA,0xD69A,0xD6BA,0xDEDB,0xD69A,0xFFFF,0x18C3,0x6B4D,
  0x8430,0x7BCF,0x8430,0x7BEF,0x8C71,0xB5B6,0xBDD7,0xD69A,0xD6BA,0xB5B6,
  0xBDF7,0xA514,0xAD55,0xDEDB,0xDEFB,0xD6BA,0xD6BA,0xC638,0xF7BE,0xFFFF,
  0xFFFF,0xFFFF,0xFFFF,0xFFFF,0xFFFF,0xFFFF,0xFFFF,0xFFFF,0xFFFF,0xFFFF,
  0xFFFF,0xF7BE,0xBDD7,0x9CD3,0xA514,0x5AEB,0x52AA,0x31A6,0x2945,0x4A69,
  0x630C,0x6B4D,0x0000,0x630C,0xFFFF,0xCE79,0xDEDB,0xDEDB,0xDEDB,0xD6BA,
  0xDEDB,0xD69A,0xDEDB,0xDEDB,0xD6BA,0xDEFB,0xD6BA,0xDEDB,0xDEDB,0xE71C,
  0xDEFB,0xD6BA,0xDEDB,0xDEDB,0xE71C,0xDEFB,0xDEFB,0xDEFB,0xDEFB,0xDEFB,
  0xDEFB,
  0xDEFB,0xDEFB,0xE73C,0xDEFB,0xDEDB,0xDEFB,0xDEDB,0xD6BA,0xDEDB,0xDEDB,
  0xDEDB,0xDEDB,0xDEDB,0xDEFB,0xD6BA,0xD69A,0xDEDB,0xDEDB,0xD6BA,0xD6BA,
  0xD6BA,0xD6BA,0xD6BA,0xD6BA,0xD6BA,0xDEDB,0xDEFB,0xFFFF,0x2124,0x73AE,
  0x94B2,0x7BEF,0x52AA,0x6B4D,0xA534,0xA534,0x9492,0xA514,0xB596,0xCE79,
  0xA514,0x9CF3,0xC638,0xEF7D,0xEF5D,0xD6BA,0xFFFF,0xFFFF,0xFFFF,0xFFFF,
  0xC618,0x8430,0xDEFB,0xEF7D,0xE73C,0xFFFF,0xFFFF,0xFFFF,0xFFFF,0xFFFF,
  0xFFFF,0xFFFF,0xFFFF,0x4228,0x632C,0x6B6D,0x5ACB,0x52AA,0x2104,0x0000,
  0x4A69,0x7BCF,0x0861,0x4208,0xFFFF,0xD6BA,0xDEDB,0xDEDB,0xE71C,0xDEDB,
  0xDEFB,0xDEDB,0xE71C,0xD6BA,0xE71C,0xD6BA,0xDEFB,0xDEDB,0xDEDB,0xD6BA,
  0xE71C,0xDEFB,0xDEFB,0xE71C,0xD6BA,0xDEFB,0xDEFB,0xDEFB,0xE71C,0xDEFB,
  0xDEFB,
  0xDEFB,0xDEFB,0xDEDB,0xDEFB,0xDEFB,0xDEDB,0xE71C,0xDEDB,0xDEDB,0xDEDB,
  0xDEDB,0xD6BA,0xDEDB,0xDEDB,0xD6BA,0xDEDB,0xDEDB,0xDEDB,0xD69A,0xD6BA,
  0xD6BA,0xD6BA,0xDEDB,0xD6BA,0xD6BA,0xCE79,0xEF5D,0xFFFF,0x18C3,0x8430,
  0x9CD3,0x7BEF,0x7BCF,0x9492,0xA534,0x9CD3,0x73AE,0xBDD7,0xDEFB,0xD6BA,
  0xA514,0xC618,0xF79E,0xFFFF,0xF79E,0xFFDF,0xC638,0x5ACB,0x528A,0x632C,
  0x9CD3,0xD6BA,0xD69A,0xF79E,0xD6BA,0xE71C,0xF7BE,0xFFFF,0xFFFF,0xFFFF,
  0xFFFF,0xFFFF,0xFFFF,0xC618,0x632C,0x632C,0x8410,0xA514,0x7BCF,0x1082,
  0x0841,0x73AE,0x1082,0x4228,0xFFFF,0xCE79,0xDEDB,0xDEDB,0xD6BA,0xD69A,
  0xD69A,0xE71C,0xD6BA,0xD6BA,0xDEFB,0xE71C,0xE71C,0xDEFB,0xDEFB,0xD6BA,
  0xDEDB,0xDEDB,0xDEFB,0xDEFB,0xD6BA,0xE73C,0xD6BA,0xDEFB,0xDEFB,0xE71C,
  0xDEFB,
  0xDEFB,0xDEFB,0xE71C,0xE71C,0xD6BA,0xD69A,0xDEDB,0xDEDB,0xDEDB,0xDEDB,
  0xDEDB,0xDEDB,0xE71C,0xDEDB,0xD6BA,0xD69A,0xD6BA,0xDEDB,0xD69A,0xD6BA,
  0xD6BA,0xD6BA,0xDEDB,0xD6BA,0xD6BA,0xD6BA,0xE73C,0xFFFF,0x2124,0x9CF3,
  0x738E,0x94B2,0xB5B6,0xCE59,0xE73C,0xB596,0x738E,0xB596,0xEF7D,0xF79E,
  0x94B2,0x9CF3,0xBDF7,0xA534,0x8410,0x2945,0x18C3,0x4A49,0x4A49,0x2965,
  0x18C3,0x5ACB,0x8C71,0x9CF3,0xE71C,0xEF7D,0xFFFF,0xFFFF,0xFFFF,0xFFFF,
  0xFFFF,0xFFFF,0xFFFF,0xFFDF,0x5AEB,0x8C51,0x632C,0x4A49,0xD69A,0x6B6D,
  0x2124,0x0861,0x39E7,0x8C51,0xFFFF,0xD6BA,0xDEDB,0xDEDB,0xDEDB,0xDEDB,
  0xDEDB,0xE71C,0xDEDB,0xD6BA,0xDEFB,0xD6BA,0xE71C,0xDEFB,0xDEFB,0xDEFB,
  0xDEDB,0xD6BA,0xDEFB,0xE71C,0xDEFB,0xDEFB,0xDEFB,0xE71C,0xDEFB,0xDEFB,
  0xDEFB,
  0xDEFB,0xE71C,0xDEFB,0xD6BA,0xDEDB,0xE71C,0xE71C,0xDEDB,0xD69A,0xDEDB,
  0xDEDB,0xDEDB,0xDEDB,0xDEDB,0xD6BA,0xD6BA,0xD6BA,0xDEFB,0xD6BA,0xD6BA,
  0xD6BA,0xD6BA,0xD69A,0xD69A,0xD69A,0xD6BA,0xFFFF,0xEF7D,0x31A6,0x73AE,
  0x4208,0x528A,0x4208,0x4A49,0x8410,0xBDF7,0xD69A,0x8C71,0xAD55,0xEF7D,
  0xBDD7,0xAD55,0x5ACB,0x39E7,0x528A,0xC618,0xE71C,0xA534,0x738E,0x630C,
  0x632C,0x528A,0x9CD3,0xE71C,0xC638,0xE71C,0xFFFF,0xFFFF,0xFFFF,0xFFFF,
  0xFFFF,0xFFFF,0xFFFF,0xFFFF,0xBDF7,0x8410,0xA514,0x6B6D,0x5AEB,0x4A49,
  0x31A6,0x0861,0x0000,0xAD75,0xFFFF,0xD6BA,0xD69A,0xDEDB,0xD6BA,0xDEDB,
  0xDEDB,0xDEDB,0xDEDB,0xDEDB,0xDEFB,0xD6BA,0xD6BA,0xDEFB,0xDEFB,0xDEFB,
  0xDEFB,0xDEFB,0xE71C,0xDEFB,0xE73C,0xE71C,0xDEFB,0xD69A,0xE71C,0xDEFB,
  0xDEFB,
  0xE71C,0xDEFB,0xDEFB,0xDEFB,0xE71C,0xDEFB,0xDEDB,0xDEDB,0xDEDB,0xDEDB,
  0xDEDB,0xDEDB,0xDEDB,0xDEDB,0xD69A,0xD6BA,0xD6BA,0xDEDB,0xD6BA,0xDEFB,
  0xD6BA,0xDEDB,0xDEDB,0xDEDB,0xDEDB,0xD69A,0xFFDF,0xDEDB,0x0861,0x18C3,
  0x0000,0x0000,0x0000,0x0000,0x0000,0x0000,0x2965,0x5ACB,0x5AEB,0xD69A,
  0xDEDB,0xEF5D,0xFFFF,0xD6BA,0xEF7D,0xD6BA,0xA534,0xB5B6,0xBDF7,0xE73C,
  0xF79E,0xD69A,0xA534,0xBDD7,0xCE79,0xDEDB,0xC638,0xEF5D,0xFFFF,0xFFFF,
  0xFFFF,0xFFFF,0xFFFF,0xFFFF,0xFFFF,0xC638,0x4A69,0x738E,0xA514,0x4A69,
  0x39E7,0x73AE,0x0000,0xA514,0xFFFF,0xDEDB,0xDEDB,0xDEDB,0xCE79,0xDEDB,
  0xDEDB,0xDEFB,0xDEDB,0xD6BA,0xE71C,0xDEFB,0xDEFB,0xE71C,0xDEFB,0xDEFB,
  0xE73C,0xDEFB,0xD6BA,0xD6BA,0xDEFB,0xE71C,0xD6BA,0xDEFB,0xE71C,0xE71C,
  0xDEFB,
  0xDEFB,0xDEFB,0xDEFB,0xDEFB,0xDEFB,0xD69A,0xD6BA,0xDEDB,0xDEDB,0xDEDB,
  0xDEDB,0xE71C,0xDEDB,0xDEDB,0xDEDB,0xDEDB,0xDEDB,0xDEDB,0xD69A,0xDEDB,
  0xDEDB,0xE71C,0xDEDB,0xDEDB,0xD69A,0xD6BA,0xEF7D,0xFFFF,0x18C3,0x52AA,
  0x4A49,0x4208,0x3186,0x39E7,0x5AEB,0x4228,0x18C3,0x18C3,0x5ACB,0x9492,
  0xB596,0xE73C,0xFFFF,0xFFFF,0xFFFF,0xC618,0x9CD3,0xBDD7,0x8430,0x9492,
  0xAD55,0xCE59,0xE71C,0xFFFF,0xFFDF,0xCE59,0xE73C,0xEF7D,0xFFFF,0xFFFF,
  0xFFFF,0xFFFF,0xFFFF,0xFFFF,0xFFFF,0xDEDB,0xA534,0x8C51,0x73AE,0xAD55,
  0x7BEF,0x8C51,0x2104,0xBDD7,0xFFFF,0xD69A,0xD6BA,0xE71C,0xE71C,0xDEFB,
  0xDEFB,0xE71C,0xDEFB,0xDEFB,0xE71C,0xDEFB,0xDEFB,0xDEFB,0xDEFB,0xD6BA,
  0xDEFB,0xDEFB,0xE71C,0xDEDB,0xDEDB,0xE71C,0xD6BA,0xDEFB,0xE71C,0xDEFB,
  0xDEFB,
  0xDEFB,0xE71C,0xDEFB,0xDEFB,0xE71C,0xDEFB,0xE71C,0xDEFB,0xD6BA,0xDEFB,
  0xD6BA,0xD69A,0xDEDB,0xDEDB,0xD69A,0xD69A,0xDEFB,0xDEFB,0xD6BA,0xDEFB,
  0xDEDB,0xDEDB,0xDEDB,0xD6BA,0xDEDB,0xD6BA,0xEF5D,0xFFFF,0x18E3,0x4228,
  0x8430,0xB596,0xEF5D,0xEF7D,0x9CF3,0x8C71,0x9CD3,0x7BEF,0x39C7,0x8C51,
  0xCE59,0xFFFF,0xFFFF,0xFFFF,0xFFFF,0x8430,0x8410,0x73AE,0x0861,0x0000,
  0x1082,0x4A69,0xA534,0xCE79,0xE73C,0xFFFF,0xFFDF,0xF7BE,0xFFFF,0xFFFF,
  0xFFFF,0xFFFF,0xFFFF,0xFFFF,0xFFFF,0xFFDF,0xAD75,0x7BCF,0x5AEB,0x738E,
  0x7BEF,0xCE59,0x10A2,0xAD55,0xFFFF,0xDEDB,0xD6BA,0xD6BA,0xDEDB,0xDEFB,
  0xE71C,0xDEFB,0xD6BA,0xD6BA,0xDEFB,0xE71C,0xDEFB,0xCE79,0xE71C,0xDEFB,
  0xD6BA,0xDEDB,0xD6BA,0xDEDB,0xDEDB,0xE71C,0xE71C,0xDEFB,0xE71C,0xDEFB,
  0xDEFB,
  0xDEFB,0xDEFB,0xD6BA,0xD6BA,0xE71C,0xDEFB,0xD6BA,0xDEFB,0xE71C,0xDEFB,
  0xDEFB,0xDEDB,0xDEDB,0xDEDB,0xDEDB,0xDEDB,0xDEDB,0xD6BA,0xD69A,0xDEDB,
  0xDEDB,0xDEDB,0xDEDB,0xDEDB,0xE71C,0xDEFB,0xE73C,0xFFFF,0x10A2,0x2124,
  0xA514,0xBDF7,0x6B6D,0x18E3,0x0000,0x0000,0x0000,0x2124,0x0000,0x94B2,
  0xF7BE,0xFFFF,0xFFFF,0xFFFF,0xFFFF,0x2965,0x0000,0x1082,0x0000,0x3186,
  0x0000,0x0000,0x3186,0x1082,0x4228,0x632C,0xFFDF,0xE71C,0xF79E,0xFFFF,
  0xFFFF,0xFFFF,0xFFFF,0xFFFF,0xFFFF,0xFFFF,0xA534,0x5AEB,0x7BCF,0xA534,
  0x73AE,0x3186,0x0000,0x738E,0xFFFF,0xD6BA,0xDEFB,0xDEDB,0xDEDB,0xDEFB,
  0xDEFB,0xDEFB,0xDEDB,0xDEDB,0xDEFB,0xE71C,0xDEFB,0xDEFB,0xE71C,0xDEFB,
  0xDEFB,0xE71C,0xD6BA,0xDEDB,0xDEDB,0xDEFB,0xD6BA,0xDEFB,0xDEDB,0xD6BA,
  0xDEFB,
  0xE71C,0xDEFB,0xE71C,0xDEFB,0xDEDB,0xDEFB,0xDEFB,0xE71C,0xD6BA,0xDEFB,
  0xDEDB,0xE71C,0xE71C,0xDEDB,0xDEDB,0xD69A,0xDEDB,0xE71C,0xDEDB,0xDEDB,
  0xD69A,0xDEDB,0xDEDB,0xD69A,0xD69A,0xD69A,0xE71C,0xFFFF,0x2104,0x5AEB,
  0xAD55,0x0861,0x0000,0x0000,0x10A2,0x0000,0x0841,0x0020,0x39E7,0xCE59,
  0xFFFF,0xFFFF,0xFFFF,0xFFFF,0xDEDB,0xBDD7,0x7BCF,0x0000,0xA514,0xFFFF,
  0x0000,0x0000,0xD6BA,0xE71C,0x528A,0x5AEB,0x9492,0xFFFF,0xD69A,0xFFFF,
  0xFFFF,0xFFFF,0xFFFF,0xFFFF,0xFFFF,0xFFFF,0xCE79,0xD6BA,0x632C,0x8C71,
  0xB596,0x528A,0xE71C,0xE73C,0xA534,0xFFFF,0xDEFB,0xDEFB,0xD6BA,0xDEFB,
  0xDEFB,0xDEFB,0xDEFB,0xDEFB,0xD6BA,0xD6BA,0xDEFB,0xDEFB,0xDEFB,0xE71C,
  0xDEFB,0xDEFB,0xDEDB,0xDEDB,0xD69A,0xDEFB,0xDEFB,0xDEDB,0xDEFB,0xDEFB,
  0xDEFB,
  0xDEFB,0xDEFB,0xDEFB,0xDEFB,0xDEFB,0xD6BA,0xDEFB,0xDEFB,0xD6BA,0xE71C,
  0xDEFB,0xDEDB,0xDEDB,0xDEDB,0xD6BA,0xDEDB,0xDEDB,0xDEDB,0xD6BA,0xDEDB,
  0xDEDB,0xD6BA,0xDEDB,0xDEDB,0xDEDB,0xD6BA,0xEF5D,0xFFFF,0x39E7,0x7BCF,
  0x18C3,0x0000,0x73AE,0x8430,0x0000,0x0000,0x4228,0x0861,0x3186,0xBDD7,
  0xFFFF,0xFFFF,0xFFFF,0xF7BE,0xE73C,0xFFFF,0x94B2,0x528A,0xA534,0x8C71,
  0x8430,0x8430,0x94B2,0xFFFF,0xFFFF,0xFFFF,0xB596,0xEF7D,0xFFDF,0xFFFF,
  0xFFFF,0xFFFF,0xFFFF,0xFFFF,0xFFFF,0xFFFF,0xAD55,0xBDF7,0x39E7,0x7BEF,
  0xFFFF,0xFFFF,0xFFFF,0xFFFF,0x18C3,0x6B6D,0xFFFF,0xD69A,0xD6BA,0xD6BA,
  0xDEFB,0xDEFB,0xDEFB,0xDEFB,0xDEDB,0xE71C,0xE71C,0xE71C,0xDEFB,0xDEFB,
  0xE71C,0xDEDB,0xE71C,0xDEFB,0xDEFB,0xE71C,0xDEFB,0xDEFB,0xDEFB,0xDEFB,
  0xDEFB,
  0xDEFB,0xE71C,0xE73C,0xDEFB,0xE71C,0xDEFB,0xDEFB,0xDEFB,0xDEFB,0xE71C,
  0xD6BA,0xDEFB,0xE73C,0xE71C,0xD69A,0xDEDB,0xDEDB,0xDEDB,0xDEDB,0xDEFB,
  0xDEDB,0xE71C,0xDEDB,0xE71C,0xDEDB,0xDEFB,0xEF5D,0xFFDF,0x39E7,0x8430,
  0x3186,0x0000,0x3186,0x9CF3,0x5ACB,0x630C,0x3186,0x2124,0x632C,0xCE59,
  0xFFFF,0xFFFF,0xF79E,0xF79E,0xCE59,0xE73C,0x528A,0x4A49,0x630C,0x528A,
  0x9492,0xAD75,0xCE59,0xF79E,0xE73C,0xFFFF,0xFFFF,0xD69A,0xFFDF,0xE71C,
  0xFFFF,0xFFFF,0xFFFF,0xFFFF,0xFFFF,0xFFFF,0xEF7D,0xAD55,0x39E7,0xFFDF,
  0xFFFF,0xFFFF,0xBDF7,0xFFFF,0xFFFF,0x5ACB,0xFFFF,0xDEDB,0xDEFB,0xD6BA,
  0xE71C,0xDEFB,0xD6BA,0xDEDB,0xE71C,0xDEFB,0xDEFB,0xDEFB,0xDEFB,0xDEFB,
  0xD6BA,0xD6BA,0xD6BA,0xE71C,0xD6BA,0xE71C,0xDEFB,0xDEFB,0xDEFB,0xDEFB,
  0xDEDB,
  0xE71C,0xE73C,0xDEFB,0xDEFB,0xDEFB,0xE71C,0xE71C,0xDEFB,0xDEFB,0xE71C,
  0xDEFB,0xE71C,0xDEFB,0xDEDB,0xDEDB,0xD6BA,0xDEDB,0xE71C,0xD6BA,0xD69A,
  0xD69A,0xDEDB,0xDEFB,0xD6BA,0xDEFB,0xD6BA,0xF7BE,0xF79E,0x5AEB,0xAD55,
  0x630C,0x4A49,0x5AEB,0x5AEB,0x738E,0x39E7,0x39C7,0x2124,0x9CD3,0xE73C,
  0xFFFF,0xFFFF,0xF79E,0xE71C,0xDEFB,0xFFFF,0xC638,0x5AEB,0x8C51,0x9CD3,
  0xDEDB,0xE71C,0xF7BE,0xD6BA,0xFFDF,0xFFFF,0xFFFF,0xFFDF,0xFFFF,0xFFFF,
  0xFFFF,0xFFFF,0xFFFF,0xFFFF,0xFFFF,0xFFFF,0xFFFF,0xFFFF,0xFFFF,0xFFFF,
  0xFFFF,0xF7BE,0x2104,0xFFFF,0xFFFF,0x5ACB,0xE71C,0xF79E,0xDEFB,0xDEDB,
  0xDEDB,0xE71C,0xDEFB,0xDEFB,0xD6BA,0xDEFB,0xE73C,0xDEFB,0xDEFB,0xDEFB,
  0xE71C,0xE71C,0xDEDB,0xE71C,0xDEFB,0xE71C,0xDEFB,0xDEFB,0xD6BA,0xDEFB,
  0xDEDB,
  0xE71C,0xE71C,0xE71C,0xE71C,0xE73C,0xE71C,0xE71C,0xDEFB,0xDEFB,0xE73C,
  0xD6BA,0xD6BA,0xE71C,0xD6BA,0xD6BA,0xDEDB,0xDEDB,0xDEDB,0xDEDB,0xD6BA,
  0xDEDB,0xDEDB,0xDEDB,0xDEFB,0xDEDB,0xDEDB,0xFFFF,0xD6BA,0x630C,0xAD55,
  0x630C,0x738E,0x9492,0xBDD7,0x6B4D,0x39E7,0x2965,0x4228,0xDEDB,0xEF5D,
  0xFFDF,0xFFDF,0xFFFF,0xFFFF,0xFFFF,0xFFFF,0xFFFF,0xC618,0xA514,0x8410,
  0x9492,0xBDF7,0xC638,0xE71C,0xFFFF,0xFFFF,0xBDD7,0xEF7D,0xFFDF,0xFFFF,
  0xFFFF,0xFFFF,0xFFFF,0xFFDF,0xF7BE,0xF7BE,0xF7BE,0xFFFF,0xF7BE,0xFFFF,
  0xFFFF,0xFFFF,0xD6BA,0xEF7D,0xFFFF,0xC618,0xCE79,0xF79E,0xDEDB,0xDEDB,
  0xDEFB,0xDEFB,0xD6BA,0xDEFB,0xDEFB,0xDEFB,0xDEFB,0xDEFB,0xE71C,0xDEDB,
  0xDEFB,0xDEFB,0xD6BA,0xDEFB,0xDEFB,0xDEFB,0xDEFB,0xDEFB,0xDEFB,0xDEFB,
  0xDEFB,
  0xE71C,0xE73C,0xE73C,0xE71C,0xDEFB,0xDEFB,0xDEDB,0xDEFB,0xE71C,0xDEFB,
  0xE71C,0xDEFB,0xDEDB,0xDEDB,0xE71C,0xDEDB,0xDEFB,0xDEFB,0xE71C,0xDEDB,
  0xD6BA,0xDEFB,0xDEFB,0xE71C,0xDEFB,0xD69A,0xFFFF,0xBDD7,0x528A,0xA514,
  0x7BCF,0x632C,0x7BCF,0x738E,0x630C,0x6B4D,0x52AA,0x5ACB,0xE71C,0xFFFF,
  0xFFFF,0xFFDF,0xFFDF,0xFFFF,0xF7BE,0xFFFF,0xFFFF,0xFFFF,0xDEFB,0x8410,
  0x7BEF,0xA534,0xDEDB,0xFFFF,0xEF7D,0xBDD7,0xDEFB,0xFFFF,0xF79E,0xFFFF,
  0xFFFF,0xFFFF,0xFFFF,0xFFFF,0xFFDF,0xFFFF,0xFFFF,0xFFFF,0xF79E,0xFFFF,
  0xFFFF,0xFFFF,0xFFFF,0xFFDF,0xFFFF,0xA514,0x630C,0xFFFF,0xD69A,0xE73C,
  0xDEFB,0xD6BA,0xDEFB,0xDEFB,0xDEFB,0xE71C,0xE71C,0xDEFB,0xE71C,0xDEFB,
  0xE71C,0xD6BA,0xE71C,0xDEFB,0xDEFB,0xE71C,0xD6BA,0xDEFB,0xE73C,0xD6BA,
  0xDEFB,
  0xE73C,0xE73C,0xE71C,0xE71C,0xDEFB,0xE71C,0xE71C,0xE71C,0xE71C,0xE71C,
  0xDEFB,0xDEFB,0xDEFB,0xDEDB,0xE71C,0xDEFB,0xDEFB,0xD6BA,0xD6BA,0xDEFB,
  0xDEFB,0xD6BA,0xDEFB,0xD6BA,0xDEFB,0xD69A,0xFFFF,0xB596,0x52AA,0x6B4D,
  0x632C,0x8C51,0x8430,0x5AEB,0x630C,0x7BCF,0x6B6D,0x4208,0xCE79,0xFFFF,
  0xF7BE,0xF79E,0xFFFF,0xFFFF,0xFFFF,0xEF5D,0xDEDB,0xEF5D,0xFFFF,0xFFFF,
  0xDEDB,0xBDF7,0xC618,0xD69A,0xBDD7,0xC638,0xEF5D,0xE71C,0xFFDF,0xFFFF,
  0xFFFF,0xFFFF,0xFFFF,0xF7BE,0xF7BE,0xF79E,0xFFDF,0xFFDF,0xE73C,0xFFFF,
  0xCE79,0x0000,0xB596,0xFFFF,0xFFFF,0x9492,0x8C51,0xFFFF,0xDEDB,0xE71C,
  0xE71C,0xDEFB,0xDEFB,0xDEFB,0xDEFB,0xDEFB,0xDEFB,0xDEFB,0xE71C,0xDEFB,
  0xDEFB,0xDEFB,0xDEFB,0xDEFB,0xDEFB,0xE71C,0xDEFB,0xDEFB,0xDEFB,0xDEFB,
  0xDEFB,
  0xE71C,0xE71C,0xE71C,0xE73C,0xE73C,0xE71C,0xE73C,0xE73C,0xE71C,0xDEFB,
  0xDEFB,0xD6BA,0xDEFB,0xD6BA,0xDEDB,0xD69A,0xDEFB,0xDEFB,0xD6BA,0xDEDB,
  0xDEFB,0xDEFB,0xE71C,0xDEFB,0xDEDB,0xDEDB,0xFFFF,0xBDD7,0x7BCF,0x8C71,
  0x6B4D,0x632C,0x7BEF,0x8430,0x9CF3,0x8C51,0x39C7,0x632C,0xE73C,0xEF7D,
  0xDEFB,0xEF7D,0xFFFF,0xFFFF,0xFFFF,0xFFFF,0xFFFF,0xFFDF,0xDEFB,0xE71C,
  0xCE79,0xCE59,0xB5B6,0xC638,0xE73C,0xEF7D,0xF7BE,0xFFDF,0xFFFF,0xFFFF,
  0xFFFF,0xFFFF,0xFFFF,0xFFFF,0xEF7D,0xE71C,0xFFFF,0xE73C,0xDEDB,0xFFFF,
  0xFFFF,0x0000,0x0000,0x4208,0xFFFF,0xA534,0xDEFB,0xEF7D,0xD69A,0xDEFB,
  0xE71C,0xE71C,0xDEFB,0xDEFB,0xDEFB,0xDEFB,0xDEFB,0xDEFB,0xE71C,0xE71C,
  0xDEFB,0xDEFB,0xDEFB,0xDEFB,0xDEFB,0xE71C,0xDEFB,0xE71C,0xE71C,0xDEFB,
  0xE71C,
  0xE71C,0xE73C,0xE73C,0xE71C,0xDEFB,0xE71C,0xE71C,0xE71C,0xE71C,0xDEFB,
  0xDEDB,0xE73C,0xE71C,0xE71C,0xDEFB,0xE71C,0xE71C,0xDEDB,0xE71C,0xE71C,
  0xDEFB,0xD6BA,0xDEFB,0xDEFB,0xDEFB,0xDEDB,0xFFFF,0xB5B6,0x4A49,0x8430,
  0x9CD3,0x8430,0x6B6D,0x6B6D,0x7BCF,0x4A69,0x39C7,0x94B2,0xB5B6,0xFFDF,
  0xF79E,0xFFFF,0xFFFF,0xFFFF,0xFFFF,0xAD55,0xF79E,0xFFDF,0xEF7D,0xDEFB,
  0xEF7D,0xFFDF,0xDEDB,0xEF7D,0xE73C,0xF79E,0xFFFF,0xFFFF,0xFFFF,0xFFFF,
  0xFFFF,0xFFFF,0xFFFF,0xFFFF,0xF7BE,0xF79E,0xFFFF,0xF79E,0xDEFB,0xFFFF,
  0xFFFF,0x6B4D,0x0000,0x18C3,0xFFFF,0xFFFF,0xEF7D,0xDEFB,0xDEFB,0xE71C,
  0xD6BA,0xDEFB,0xDEFB,0xDEFB,0xD6BA,0xDEFB,0xDEFB,0xE71C,0xDEDB,0xE71C,
  0xDEFB,0xDEDB,0xE73C,0xDEFB,0xD6BA,0xE71C,0xDEFB,0xDEFB,0xDEFB,0xD6BA,
  0xDEFB,
  0xE71C,0xE73C,0xEF5D,0xE73C,0xE71C,0xE73C,0xE71C,0xE71C,0xE71C,0xE73C,
  0xE71C,0xE71C,0xDEFB,0xDEFB,0xDEFB,0xDEFB,0xDEFB,0xDEFB,0xD6BA,0xDEFB,
  0xDEFB,0xE71C,0xDEFB,0xDEFB,0xDEFB,0xD6BA,0xFFFF,0xA534,0x18E3,0x9CD3,
  0x9CD3,0x8410,0x528A,0x5ACB,0x738E,0x632C,0x4A49,0xDEDB,0xC618,0xFFFF,
  0xFFFF,0xFFDF,0xA534,0x6B4D,0xCE59,0xD69A,0x4A69,0xCE79,0xFFFF,0xDEDB,
  0xFFFF,0xFFFF,0xEF5D,0xD6BA,0xDEDB,0xE73C,0xFFDF,0xF7BE,0xFFFF,0xFFFF,
  0xFFFF,0xFFFF,0xFFFF,0xFFFF,0xFFFF,0xFFFF,0xFFFF,0xFFFF,0xEF5D,0xFFFF,
  0xFFFF,0xFFFF,0x18E3,0x0000,0xA534,0xFFFF,0xDEFB,0xDEDB,0xDEFB,0xDEFB,
  0xDEFB,0xD6BA,0xDEFB,0xE71C,0xDEFB,0xDEFB,0xDEFB,0xDEFB,0xE71C,0xE73C,
  0xE71C,0xDEFB,0xE73C,0xDEFB,0xE71C,0xDEFB,0xDEFB,0xDEFB,0xDEFB,0xDEFB,
  0xE71C,
  0xE73C,0xDEFB,0xDEFB,0xE71C,0xE71C,0xE71C,0xE73C,0xE73C,0xE73C,0xE73C,
  0xE71C,0xDEFB,0xDEFB,0xDEFB,0xD6BA,0xDEFB,0xDEFB,0xDEFB,0xDEFB,0xE71C,
  0xD6BA,0xE73C,0xE73C,0xD6BA,0xDEFB,0xDEDB,0xFFFF,0xB596,0x4208,0x7BCF,
  0x4A49,0x528A,0x7BEF,0x6B4D,0x738E,0x7BEF,0x8C71,0xFFFF,0xCE79,0xFFDF,
  0xFFFF,0xFFFF,0xF79E,0xC618,0xD69A,0xFFFF,0x5ACB,0x630C,0xFFDF,0xDEFB,
  0xE73C,0xFFDF,0xF7BE,0xE73C,0xF7BE,0xFFDF,0xFFFF,0xFFFF,0xF7BE,0xFFFF,
  0xFFFF,0xFFFF,0xFFFF,0xFFFF,0xFFFF,0xFFFF,0xFFFF,0xE73C,0xEF5D,0xFFFF,
  0xFFFF,0xFFFF,0x4208,0x0000,0xCE59,0xFFFF,0xD6BA,0xDEFB,0xD6BA,0xDEFB,
  0xE71C,0xD6BA,0xDEFB,0xDEFB,0xDEFB,0xE71C,0xE71C,0xDEFB,0xE71C,0xE71C,
  0xDEFB,0xD6BA,0xDEFB,0xDEFB,0xDEFB,0xDEFB,0xE71C,0xDEFB,0xE73C,0xDEFB,
  0xDEFB,
  0xE73C,0xEF5D,0xEF7D,0xE73C,0xE71C,0xE71C,0xE71C,0xDEDB,0xE71C,0xE71C,
  0xE71C,0xE71C,0xE71C,0xDEFB,0xDEFB,0xDEFB,0xE71C,0xDEFB,0xDEFB,0xD6BA,
  0xDEFB,0xE73C,0xDEFB,0xDEFB,0xE71C,0xD6BA,0xFFFF,0xCE79,0x39C7,0x8410,
  0x8410,0x632C,0x73AE,0x73AE,0x73AE,0xA514,0x632C,0x632C,0xBDF7,0xD69A,
  0xEF5D,0xFFFF,0xFFFF,0xFFFF,0xFFFF,0xFFFF,0xAD55,0x0000,0x7BEF,0xCE59,
  0xD6BA,0xE71C,0xDEDB,0xEF7D,0xFFFF,0xFFDF,0xFFFF,0xFFFF,0xFFFF,0xFFFF,
  0xFFFF,0xFFFF,0xF7BE,0xFFFF,0xFFFF,0xFFFF,0xFFFF,0xF79E,0xEF7D,0xFFFF,
  0x3186,0x7BCF,0xFFFF,0xFFFF,0xFFFF,0xFFFF,0xDEDB,0xE71C,0xDEFB,0xD6BA,
  0xDEFB,0xDEFB,0xDEFB,0xDEFB,0xDEFB,0xE71C,0xDEDB,0xDEFB,0xDEFB,0xDEFB,
  0xDEFB,0xDEFB,0xDEFB,0xE71C,0xDEFB,0xE73C,0xDEFB,0xDEFB,0xE71C,0xDEFB,
  0xDEFB,
  0xEF5D,0xDEFB,0xE71C,0xE71C,0xEF5D,0xE71C,0xE73C,0xE71C,0xE73C,0xE71C,
  0xDEFB,0xE71C,0xDEFB,0xE71C,0xDEFB,0xE71C,0xDEFB,0xDEFB,0xD6BA,0xE73C,
  0xDEFB,0xDEDB,0xDEFB,0xDEFB,0xDEFB,0xDEFB,0xFFDF,0xF79E,0x31A6,0xA514,
  0x7BCF,0x8430,0x9492,0x7BCF,0x738E,0x738E,0x2965,0x2124,0xA534,0xFFFF,
  0xF79E,0x0000,0x0000,0x0000,0xE73C,0xFFFF,0xD69A,0x2965,0x0861,0x9CF3,
  0xBDF7,0xE73C,0xF79E,0xFFFF,0xFFFF,0xFFFF,0xFFFF,0xFFFF,0xFFFF,0xFFFF,
  0xFFFF,0xFFFF,0xFFFF,0xFFFF,0xFFFF,0xFFFF,0xFFFF,0xE73C,0xEF5D,0xFFFF,
  0xFFFF,0xFFFF,0xFFFF,0xFFFF,0xD69A,0xE71C,0xD69A,0xDEDB,0xDEDB,0xE71C,
  0xE71C,0xE71C,0xDEFB,0xDEFB,0xE71C,0xE71C,0xE71C,0xDEFB,0xE71C,0xE73C,
  0xDEFB,0xE71C,0xD6BA,0xDEFB,0xDEFB,0xDEFB,0xDEFB,0xDEFB,0xE71C,0xDEFB,
  0xDEFB,
  0xEF5D,0xEF5D,0xEF5D,0xE71C,0xEF5D,0xEF5D,0xE71C,0xE71C,0xE71C,0xE73C,
  0xE71C,0xE71C,0xE71C,0xE73C,0xDEFB,0xE71C,0xDEFB,0xDEFB,0xE71C,0xDEFB,
  0xDEDB,0xE71C,0xDEFB,0xDEFB,0xDEFB,0xDEFB,0xE73C,0xFFFF,0x52AA,0x8410,
  0x8430,0x52AA,0x6B6D,0x5AEB,0x6B4D,0x528A,0x31A6,0x0000,0x0000,0x73AE,
  0xFFFF,0xF7BE,0xBDD7,0x0000,0x0000,0xFFFF,0xFFFF,0xFFFF,0x4208,0x8C71,
  0xDEFB,0xE71C,0xFFFF,0xFFDF,0xFFFF,0xFFFF,0xFFFF,0xFFFF,0xFFFF,0xFFFF,
  0xFFFF,0xFFFF,0xFFFF,0xFFFF,0xFFFF,0xFFFF,0xFFFF,0xFFFF,0xFFDF,0xFFFF,
  0xFFFF,0xFFFF,0xFFFF,0xFFFF,0xF7BE,0xDEFB,0xD69A,0xE71C,0xDEFB,0xDEDB,
  0xDEDB,0xDEDB,0xDEFB,0xDEFB,0xDEFB,0xDEDB,0xDEFB,0xDEFB,0xDEFB,0xE71C,
  0xE73C,0xDEDB,0xE71C,0xDEFB,0xE71C,0xDEFB,0xDEFB,0xD6BA,0xE71C,0xDEFB,
  0xE71C,
  0xEF5D,0xEF5D,0xE71C,0xE73C,0xE71C,0xE73C,0xE73C,0xE73C,0xE73C,0xE71C,
  0xDEFB,0xE71C,0xE73C,0xE71C,0xD6BA,0xDEFB,0xE71C,0xDEFB,0xDEFB,0xDEFB,
  0xDEFB,0xDEFB,0xE71C,0xDEFB,0xDEFB,0xE71C,0xDEFB,0xFFFF,0x8430,0x4A69,
  0xAD75,0x52AA,0x5AEB,0xA514,0x630C,0x4A69,0xE73C,0x7BEF,0x2124,0x73AE,
  0x94B2,0xFFFF,0xFFFF,0xFFFF,0xFFFF,0xFFFF,0xFFFF,0xFFFF,0xD69A,0x4228,
  0xB596,0xDEFB,0xFFFF,0xFFFF,0xF7BE,0xFFFF,0xFFFF,0xFFFF,0xFFFF,0xFFFF,
  0xFFFF,0xFFFF,0xFFFF,0xFFFF,0xFFFF,0xFFFF,0xFFFF,0xFFFF,0xE71C,0xFFFF,
  0xFFFF,0xFFFF,0xFFFF,0xFFFF,0xFFFF,0xD69A,0xDEFB,0xE71C,0xDEFB,0xE71C,
  0xDEDB,0xDEFB,0xDEFB,0xDEFB,0xDEFB,0xE73C,0xDEFB,0xDEDB,0xDEFB,0xE71C,
  0xDEFB,0xE71C,0xDEFB,0xDEFB,0xDEFB,0xE71C,0xDEFB,0xDEFB,0xDEFB,0xD6BA,
  0xDEFB,
  0xE73C,0xEF5D,0xE71C,0xE73C,0xE71C,0xDEFB,0xE71C,0xE73C,0xE71C,0xDEFB,
  0xE71C,0xE71C,0xE71C,0xE71C,0xDEFB,0xE71C,0xDEFB,0xDEFB,0xE71C,0xE71C,
  0xDEFB,0xDEFB,0xE71C,0xDEFB,0xDEFB,0xDEDB,0xDEFB,0xFFFF,0xAD75,0x39C7,
  0xA534,0x7BEF,0x7BEF,0x528A,0x5ACB,0xA534,0x73AE,0x528A,0x4A69,0xDEFB,
  0x3186,0x94B2,0xFFFF,0xFFDF,0xFFDF,0xF7BE,0xFFDF,0xFFFF,0xFFFF,0xBDF7,
  0x738E,0xD69A,0xEF7D,0xFFFF,0xFFFF,0xFFFF,0xFFFF,0xFFFF,0xFFFF,0xFFFF,
  0xFFFF,0xFFFF,0xFFFF,0xFFFF,0xFFFF,0xFFFF,0xFFFF,0xFFFF,0xFFFF,0xFFFF,
  0xFFFF,0xFFFF,0xFFFF,0xFFFF,0xFFFF,0xCE79,0xE71C,0xDEFB,0xE71C,0xDEFB,
  0xD6BA,0xD6BA,0xE71C,0xDEFB,0xDEFB,0xDEFB,0xDEFB,0xDEFB,0xE71C,0xE71C,
  0xE71C,0xDEFB,0xDEFB,0xDEFB,0xDEFB,0xE71C,0xDEFB,0xDEFB,0xDEFB,0xDEFB,
  0xDEFB,
  0xEF5D,0xE71C,0xEF5D,0xDEFB,0xE73C,0xEF7D,0xEF7D,0xE73C,0xE73C,0xE73C,
  0xDEDB,0xE71C,0xDEFB,0xDEFB,0xDEFB,0xDEFB,0xDEFB,0xDEFB,0xE71C,0xE71C,
  0xDEFB,0xE73C,0xE73C,0xE71C,0xDEFB,0xDEDB,0xDEFB,0xFFFF,0xCE79,0x4A69,
  0x94B2,0x632C,0x4A69,0x630C,0x7BEF,0x94B2,0x738E,0x5AEB,0x2965,0xFFFF,
  0x8C51,0x4228,0xFFFF,0xFFFF,0xF7BE,0xE71C,0xE73C,0xFFDF,0xFFFF,0xFFFF,
  0xBDD7,0x94B2,0xD6BA,0xFFFF,0xFFFF,0xFFFF,0xFFFF,0xFFFF,0xFFFF,0xFFFF,
  0xFFFF,0xFFFF,0xFFFF,0xFFFF,0xFFFF,0xFFFF,0xFFFF,0xFFFF,0xFFFF,0x738E,
  0x94B2,0xFFFF,0xFFFF,0xFFFF,0xD6BA,0xD6BA,0xD6BA,0xE71C,0xE71C,0xDEFB,
  0xE71C,0xE71C,0xDEFB,0xE71C,0xDEFB,0xE71C,0xDEFB,0xDEFB,0xDEFB,0xE71C,
  0xE73C,0xDEFB,0xE73C,0xDEFB,0xDEFB,0xE73C,0xDEFB,0xDEFB,0xDEFB,0xD6BA,
  0xDEFB,
  0xE73C,0xDEFB,0xEF5D,0xEF5D,0xE71C,0xE71C,0xE71C,0xE71C,0xE73C,0xE73C,
  0xF7BE,0xE71C,0xE73C,0xE73C,0xDEFB,0xE71C,0xDEFB,0xDEFB,0xE71C,0xE71C,
  0xE71C,0xE71C,0xDEFB,0xE71C,0xE73C,0xDEFB,0xE71C,0xEF5D,0xEF7D,0x632C,
  0x8410,0x7BEF,0x8C71,0x6B6D,0x9492,0x8C51,0x4A69,0x2945,0x5ACB,0xFFFF,
  0xBDF7,0x0000,0xC618,0xFFDF,0xE73C,0xEF7D,0xFFFF,0xFFFF,0xFFFF,0xFFFF,
  0xF79E,0xBDD7,0xC618,0xEF7D,0xFFFF,0xFFFF,0xFFFF,0xFFFF,0xFFFF,0xFFFF,
  0xFFFF,0xFFFF,0xFFFF,0xFFFF,0xFFFF,0xFFFF,0xFFFF,0xEF7D,0xFFFF,0x6B4D,
  0x2104,0x94B2,0xC618,0xC638,0xD6BA,0xE71C,0xDEFB,0xE71C,0xDEFB,0xDEFB,
  0xDEFB,0xDEFB,0xDEFB,0xDEFB,0xDEFB,0xE71C,0xDEFB,0xE71C,0xE73C,0xE71C,
  0xDEFB,0xDEFB,0xDEFB,0xDEFB,0xDEFB,0xDEFB,0xE71C,0xDEFB,0xDEFB,0xDEFB,
  0xDEFB,
  0xEF5D,0xEF5D,0xEF5D,0xE71C,0xEF5D,0xE71C,0xE71C,0xEF5D,0xE71C,0xE71C,
  0xE71C,0xEF5D,0xE73C,0xE71C,0xE71C,0xE71C,0xE73C,0xDEFB,0xE73C,0xE71C,
  0xDEDB,0xE71C,0xE71C,0xE71C,0xE71C,0xE71C,0xE71C,0xE73C,0xFFFF,0x5ACB,
  0x73AE,0x8C51,0x9492,0x8C51,0x8410,0x6B4D,0x4A49,0x6B6D,0x8410,0xFFFF,
  0xFFDF,0x9492,0xFFFF,0xFFFF,0xFFFF,0xFFFF,0xFFFF,0xFFFF,0xF79E,0xEF7D,
  0xF7BE,0xFFFF,0xCE79,0xCE59,0xEF7D,0xFFFF,0xFFFF,0xFFFF,0xFFFF,0xFFFF,
  0xFFFF,0xFFFF,0xFFFF,0xFFFF,0xFFFF,0xFFFF,0xFFFF,0xFFDF,0xFFFF,0xF79E,
  0xFFFF,0xF79E,0xE73C,0xDEDB,0xE71C,0xDEFB,0xDEFB,0xE71C,0xDEFB,0xDEFB,
  0xE73C,0xE71C,0xDEFB,0xE71C,0xDEFB,0xE73C,0xE71C,0xDEDB,0xE71C,0xE73C,
  0xE71C,0xDEFB,0xE73C,0xD6BA,0xE73C,0xDEFB,0xDEFB,0xE71C,0xDEFB,0xDEFB,
  0xDEFB,
  0xE73C,0xE73C,0xE73C,0xEF5D,0xEF5D,0xE71C,0xEF5D,0xEF5D,0xE71C,0xE73C,
  0xEF7D,0xE71C,0xE71C,0xE73C,0xE71C,0xE73C,0xE71C,0xDEFB,0xDEFB,0xE71C,
  0xE73C,0xE71C,0xE71C,0xE71C,0xE71C,0xDEFB,0xE71C,0xE71C,0xFFFF,0x630C,
  0x8410,0x8C71,0x8C71,0x7BEF,0x6B4D,0x6B4D,0xA514,0xD69A,0x630C,0xEF5D,
  0xFFFF,0xFFFF,0xB5B6,0xC638,0xBDF7,0xFFFF,0xFFFF,0xFFFF,0xFFFF,0xFFFF,
  0xFFFF,0xFFFF,0xFFFF,0xDEDB,0xF79E,0xFFFF,0xFFFF,0xFFFF,0xFFFF,0xFFFF,
  0xFFFF,0xFFFF,0xFFFF,0xFFFF,0xFFFF,0xFFFF,0xFFFF,0xFFDF,0xFFFF,0xCE79,
  0xC638,0xE73C,0xDEFB,0xE71C,0xDEFB,0xD6BA,0xDEFB,0xE71C,0xDEFB,0xDEFB,
  0xDEFB,0xE71C,0xDEDB,0xDEFB,0xE71C,0xE71C,0xE71C,0xE71C,0xE71C,0xE71C,
  0xE71C,0xE71C,0xDEFB,0xDEFB,0xD6BA,0xDEFB,0xDEFB,0xDEFB,0xDEFB,0xDEFB,
  0xDEFB,
  0xE73C,0xEF5D,0xE71C,0xEF5D,0xE71C,0xE71C,0xE71C,0xEF5D,0xE71C,0xE71C,
  0xE71C,0xE71C,0xE73C,0xE71C,0xE71C,0xE71C,0xE71C,0xE71C,0xE71C,0xDEFB,
  0xE71C,0xE71C,0xE71C,0xE71C,0xDEFB,0xDEDB,0xE71C,0xDEFB,0xFFFF,0x8C71,
  0x6B4D,0x7BEF,0x8410,0x7BCF,0x7BCF,0xAD75,0x9CD3,0x10A2,0x0000,0x0000,
  0x0000,0x3186,0x0000,0x0000,0x0000,0x0000,0x0000,0x632C,0xFFFF,0xC618,
  0xBDF7,0xFFFF,0xF7BE,0xFFFF,0xF7BE,0xFFFF,0xFFFF,0xFFFF,0xFFFF,0xFFFF,
  0xFFFF,0xFFFF,0xFFFF,0xFFFF,0xFFFF,0xFFFF,0xEF5D,0xF7BE,0xFFFF,0xE71C,
  0xCE79,0xE71C,0xDEFB,0xDEFB,0xDEFB,0xDEFB,0xE73C,0xDEFB,0xDEDB,0xDEFB,
  0xDEFB,0xDEFB,0xDEFB,0xDEFB,0xDEFB,0xDEFB,0xE71C,0xE71C,0xE71C,0xE71C,
  0xE71C,0xEF5D,0xDEFB,0xE73C,0xE71C,0xDEFB,0xDEFB,0xE71C,0xDEFB,0xDEFB,
  0xDEFB,
  0xE73C,0xE73C,0xEF5D,0xE71C,0xE71C,0xE73C,0xE71C,0xEF5D,0xEF5D,0xE73C,
  0xE71C,0xE71C,0xE71C,0xE71C,0xDEFB,0xE71C,0xDEFB,0xDEDB,0xE71C,0xDEDB,
  0xE71C,0xE71C,0xE71C,0xE71C,0xE73C,0xE71C,0xE73C,0xDEDB,0xFFFF,0xB596,
  0x4A49,0x7BEF,0x94B2,0x8C51,0x9492,0x8C51,0x0000,0x0000,0x0841,0x0861,
  0x0000,0x2945,0x528A,0x52AA,0xA534,0xF79E,0x94B2,0x0861,0x0000,0x0000,
  0x0000,0xAD75,0xEF5D,0xFFDF,0xFFFF,0xFFFF,0xFFFF,0xFFFF,0xFFFF,0xFFFF,
  0xFFFF,0xFFFF,0xF7BE,0xFFFF,0xFFFF,0xFFFF,0xF79E,0xF7BE,0xFFDF,0xCE79,
  0xCE79,0xEF5D,0xDEFB,0xD6BA,0xE71C,0xDEFB,0xDEFB,0xDEFB,0xDEFB,0xE73C,
  0xDEFB,0xE71C,0xE71C,0xE71C,0xE71C,0xE73C,0xE73C,0xDEFB,0xDEDB,0xE71C,
  0xDEFB,0xDEDB,0xDEFB,0xDEDB,0xE73C,0xDEFB,0xDEDB,0xE71C,0xDEFB,0xDEFB,
  0xDEFB,
  0xEF5D,0xEF5D,0xE73C,0xEF5D,0xE71C,0xEF5D,0xEF5D,0xEF5D,0xDEFB,0xEF5D,
  0xE73C,0xE71C,0xE73C,0xE73C,0xDEFB,0xDEFB,0xE73C,0xE71C,0xE71C,0xE71C,
  0xE73C,0xDEDB,0xE73C,0xE71C,0xE71C,0xDEFB,0xE73C,0xDEFB,0xFFFF,0xCE59,
  0x4A49,0x8410,0x94B2,0x73AE,0x630C,0x31A6,0x10A2,0x2945,0x6B4D,0xBDF7,
  0xC618,0xAD55,0xAD55,0x9CD3,0xD69A,0xFFFF,0xE71C,0xEF7D,0xFFFF,0xFFFF,
  0xFFFF,0x8430,0xAD55,0xE71C,0xFFFF,0xFFFF,0xFFFF,0xFFFF,0xFFFF,0xFFFF,
  0xFFFF,0xFFFF,0xFFFF,0xFFFF,0xFFFF,0xFFDF,0xFFFF,0xFFDF,0xF79E,0xC638,
  0xCE79,0xE73C,0xDEFB,0xDEFB,0xE71C,0xDEFB,0xDEFB,0xE73C,0xDEFB,0xDEFB,
  0xDEFB,0xDEFB,0xDEFB,0xDEFB,0xDEFB,0xDEFB,0xE71C,0xE71C,0xE73C,0xDEFB,
  0xE71C,0xDEFB,0xE73C,0xD6BA,0xDEFB,0xE71C,0xDEFB,0xE73C,0xDEFB,0xDEDB,
  0xE71C,
  0xE73C,0xEF5D,0xE71C,0xEF5D,0xE71C,0xEF5D,0xEF5D,0xEF5D,0xEF5D,0xEF5D,
  0xE71C,0xE73C,0xE71C,0xDEFB,0xDEDB,0xE73C,0xE71C,0xDEFB,0xE71C,0xE71C,
  0xE73C,0xE73C,0xE73C,0xE71C,0xDEFB,0xE71C,0xE71C,0xDEFB,0xFFFF,0xE71C,
  0x39E7,0x738E,0x94B2,0x7BCF,0x632C,0x7BEF,0x6B6D,0x0861,0x10A2,0x5AEB,
  0x8C71,0xBDF7,0xBDD7,0xBDF7,0xDEDB,0xEF5D,0xFFFF,0xFFFF,0xFFFF,0xF79E,
  0xF79E,0xE71C,0xB5B6,0xDEDB,0xFFFF,0xFFFF,0xFFFF,0xFFFF,0xFFFF,0xFFFF,
  0xFFDF,0xF7BE,0xFFFF,0xFFFF,0xFFFF,0xEF7D,0xF7BE,0xFFFF,0xF79E,0xD6BA,
  0xD69A,0xE71C,0xE71C,0xDEFB,0xDEFB,0xE71C,0xDEFB,0xDEFB,0xDEFB,0xDEFB,
  0xDEFB,0xE71C,0xDEFB,0xDEFB,0xE71C,0xE71C,0xDEFB,0xDEFB,0xDEFB,0xE71C,
  0xDEFB,0xDEDB,0xDEFB,0xE73C,0xE71C,0xE71C,0xDEFB,0xDEFB,0xDEDB,0xDEFB,
  0xE71C,
  0xE73C,0xEF5D,0xE71C,0xE71C,0xEF5D,0xEF5D,0xE71C,0xE71C,0xEF5D,0xEF5D,
  0xEF5D,0xEF5D,0xE73C,0xE71C,0xDEFB,0xE73C,0xE71C,0xDEFB,0xDEFB,0xE71C,
  0xE71C,0xE71C,0xDEFB,0xE73C,0xDEFB,0xE71C,0xE71C,0xDEDB,0xEF7D,0xFFFF,
  0x4208,0x73AE,0x8410,0x8410,0x6B4D,0x8C51,0xA514,0x9492,0x632C,0x632C,
  0xAD75,0x7BCF,0x4A49,0xBDF7,0xF7BE,0xEF7D,0xDEFB,0xF79E,0xEF7D,0xFFFF,
  0xF7BE,0xFFDF,0xEF7D,0xD6BA,0xFFDF,0xFFFF,0xFFFF,0xFFFF,0xFFDF,0xF79E,
  0xF7BE,0xFFFF,0xFFFF,0xFFFF,0xE73C,0xEF5D,0xFFFF,0xEF7D,0xD6BA,0xCE79,
  0xCE79,0xEF5D,0xDEFB,0xD6BA,0xDEFB,0xDEFB,0xE71C,0xDEFB,0xE73C,0xE73C,
  0xDEFB,0xE71C,0xDEFB,0xDEFB,0xDEFB,0xE71C,0xDEFB,0xDEFB,0xDEFB,0xDEFB,
  0xDEFB,0xE71C,0xDEFB,0xD6BA,0xDEFB,0xE71C,0xDEDB,0xE73C,0xDEFB,0xE71C,
  0xDEFB,
  0xE73C,0xEF5D,0xE71C,0xEF5D,0xE71C,0xE71C,0xEF5D,0xE71C,0xE71C,0xEF5D,
  0xE71C,0xE71C,0xE71C,0xDEDB,0xDEFB,0xE73C,0xDEFB,0xDEFB,0xE71C,0xE71C,
  0xE73C,0xE73C,0xE73C,0xE71C,0xE73C,0xE71C,0xE71C,0xE71C,0xDEFB,0xFFFF,
  0x7BCF,0x630C,0x9CD3,0x738E,0x6B6D,0x8C51,0x8430,0x73AE,0x630C,0x39E7,
  0x9CF3,0x9CF3,0x3186,0x4228,0x6B4D,0xA534,0xF79E,0xFFFF,0xFFDF,0xFFDF,
  0xFFDF,0xFFDF,0xFFFF,0xDEFB,0xEF5D,0xFFFF,0xF7BE,0xFFFF,0xF79E,0xEF7D,
  0xFFDF,0xFFFF,0xFFFF,0xFFFF,0xEF5D,0xF79E,0xFFFF,0xF79E,0xF79E,0xDEDB,
  0xC638,0xE73C,0xDEFB,0xE71C,0xDEFB,0xDEFB,0xDEDB,0xE71C,0xDEDB,0xDEDB,
  0xDEFB,0xDEFB,0xDEFB,0xDEFB,0xE71C,0xDEFB,0xDEFB,0xDEFB,0xDEFB,0xDEFB,
  0xDEFB,0xE71C,0xDEFB,0xD6BA,0xD6BA,0xDEFB,0xDEFB,0xE71C,0xDEFB,0xDEFB,
  0xE71C,
  0xEF5D,0xEF5D,0xEF5D,0xEF5D,0xE71C,0xEF5D,0xE71C,0xE71C,0xEF5D,0xE71C,
  0xE71C,0xE73C,0xE71C,0xDEFB,0xDEFB,0xE71C,0xDEFB,0xDEFB,0xDEFB,0xDEDB,
  0xE71C,0xE73C,0xE73C,0xE71C,0xE71C,0xDEFB,0xE71C,0xE71C,0xDEDB,0xFFFF,
  0xD69A,0x4208,0x8C51,0x738E,0x7BEF,0x630C,0x630C,0x6B4D,0x4A49,0x10A2,
  0x3186,0x5ACB,0x7BCF,0x9CD3,0x7BEF,0x7BEF,0xDEDB,0xF79E,0xF79E,0xEF7D,
  0xE73C,0xFFFF,0xFFFF,0xF7BE,0xF7BE,0xFFDF,0xFFFF,0xFFDF,0xFFFF,0xFFFF,
  0xFFDF,0xFFDF,0xFFFF,0xF7BE,0xF7BE,0xEF7D,0xFFFF,0xF7BE,0xFFDF,0xD69A,
  0xBDF7,0xE73C,0xDEDB,0xDEFB,0xDEFB,0xDEFB,0xDEFB,0xE71C,0xE71C,0xDEFB,
  0xDEFB,0xE71C,0xDEFB,0xDEFB,0xDEFB,0xE71C,0xDEFB,0xDEFB,0xE71C,0xDEFB,
  0xDEFB,0xDEFB,0xE71C,0xDEFB,0xE71C,0xDEFB,0xDEFB,0xDEFB,0xDEFB,0xE71C,
  0xDEFB,
  0xEF5D,0xE71C,0xEF5D,0xEF5D,0xE71C,0xEF5D,0xEF5D,0xE71C,0xEF5D,0xEF5D,
  0xE73C,0xEF5D,0xE73C,0xDEFB,0xE71C,0xE73C,0xE71C,0xDEFB,0xDEFB,0xE73C,
  0xDEFB,0xE71C,0xE71C,0xDEFB,0xE71C,0xE71C,0xE71C,0xE71C,0xDEFB,0xEF7D,
  0xFFFF,0x52AA,0x6B4D,0x632C,0x8430,0x6B6D,0x738E,0x73AE,0x738E,0x632C,
  0x94B2,0xA514,0xEF7D,0xFFFF,0xFFFF,0xDEDB,0xBDD7,0xD6BA,0xFFFF,0xE71C,
  0xDEFB,0xF79E,0xFFFF,0xFFDF,0xFFDF,0xF79E,0xFFFF,0xF7BE,0xFFFF,0xFFFF,
  0xFFFF,0xFFDF,0xFFFF,0xFFFF,0xEF7D,0xFFFF,0xF7BE,0xEF7D,0xFFFF,0xCE79,
  0xC638,0xEF5D,0xDEFB,0xE73C,0xE71C,0xDEFB,0xDEFB,0xDEFB,0xE71C,0xDEFB,
  0xDEFB,0xDEFB,0xE71C,0xE71C,0xDEFB,0xDEDB,0xDEFB,0xD6BA,0xE71C,0xE73C,
  0xDEFB,0xDEFB,0xDEFB,0xDEFB,0xDEFB,0xE71C,0xDEFB,0xDEFB,0xDEFB,0xDEFB,
  0xDEFB,
  0xE73C,0xEF5D,0xE71C,0xE71C,0xEF5D,0xE71C,0xE71C,0xEF5D,0xEF5D,0xE71C,
  0xE71C,0xE71C,0xE71C,0xDEFB,0xDEFB,0xDEDB,0xE71C,0xE71C,0xE73C,0xDEFB,
  0xE73C,0xE73C,0xE71C,0xEF7D,0xE73C,0xE71C,0xE73C,0xE73C,0xDEFB,0xDEFB,
  0xFFFF,0xB5B6,0x39C7,0x738E,0x73AE,0x6B4D,0x738E,0x73AE,0x8C71,0x6B4D,
  0xCE59,0xBDD7,0xA534,0xDEFB,0xE71C,0xFFFF,0xFFFF,0xE73C,0xF79E,0xFFFF,
  0xEF5D,0xF79E,0xF7BE,0xFFFF,0xFFFF,0xFFFF,0xFFFF,0xFFFF,0xFFFF,0xF7BE,
  0xFFFF,0xFFFF,0xFFFF,0xEF7D,0xEF7D,0xFFFF,0xEF7D,0xFFDF,0xEF5D,0xAD75,
  0xDEFB,0xDEFB,0xDEFB,0xDEFB,0xDEFB,0xDEFB,0xE71C,0xDEFB,0xDEFB,0xDEFB,
  0xE71C,0xE71C,0xDEFB,0xD6BA,0xDEFB,0xE73C,0xE73C,0xD6BA,0xDEFB,0xDEFB,
  0xDEFB,0xD6BA,0xD6BA,0xE71C,0xDEFB,0xDEFB,0xDEFB,0xDEFB,0xDEFB,0xD6BA,
  0xDEDB,
  0xE73C,0xEF5D,0xE71C,0xE71C,0xEF5D,0xE71C,0xEF5D,0xE71C,0xEF5D,0xEF5D,
  0xE71C,0xE71C,0xE71C,0xDEFB,0xDEFB,0xE73C,0xE71C,0xDEFB,0xE71C,0xE71C,
  0xE71C,0xE71C,0xE71C,0xE71C,0xE71C,0xE73C,0xE71C,0xDEFB,0xE71C,0xDEFB,
  0xEF7D,0xFFFF,0x4A49,0x5AEB,0x632C,0x52AA,0x8430,0x8C51,0x632C,0x39E7,
  0xD6BA,0xD69A,0x8430,0xCE59,0xD69A,0xF79E,0xF7BE,0xE73C,0xFFDF,0xEF7D,
  0xE73C,0xF79E,0xEF7D,0xF79E,0xFFDF,0xF79E,0xEF7D,0xFFFF,0xFFFF,0xFFFF,
  0xFFFF,0xFFDF,0xFFDF,0xFFFF,0xFFFF,0xE73C,0xFFFF,0xFFFF,0xA514,0xFFFF,
  0xFFFF,0xC638,0xDEFB,0xE73C,0xDEFB,0xD6BA,0xDEFB,0xE71C,0xE71C,0xDEFB,
  0xDEFB,0xDEFB,0xE71C,0xE71C,0xE71C,0xDEFB,0xDEFB,0xE73C,0xE73C,0xDEFB,
  0xDEFB,0xE71C,0xDEDB,0xDEFB,0xDEFB,0xDEFB,0xD6BA,0xE71C,0xDEFB,0xDEFB,
  0xDEFB,
  0xEF5D,0xE71C,0xEF5D,0xEF5D,0xE71C,0xEF5D,0xEF5D,0xDEFB,0xEF5D,0xE71C,
  0xDEFB,0xE71C,0xE71C,0xE71C,0xE71C,0xE71C,0xE71C,0xE71C,0xE73C,0xE71C,
  0xE71C,0xE73C,0xE71C,0xE71C,0xE71C,0xE73C,0xE71C,0xE71C,0xE71C,0xE71C,
  0xDEDB,0xFFFF,0xAD55,0x2124,0x738E,0x4A69,0x632C,0x73AE,0x39E7,0x39C7,
  0xBDF7,0xB5B6,0xA534,0xAD55,0xCE59,0xEF7D,0xF7BE,0xE73C,0xFFDF,0xFFDF,
  0xFFDF,0xFFFF,0xFFFF,0xFFFF,0xEF7D,0xEF7D,0xF7BE,0xF79E,0xFFDF,0xFFFF,
  0xFFFF,0xFFDF,0xFFFF,0xFFFF,0xEF5D,0xFFFF,0xEF7D,0xB5B6,0xFFFF,0xFFFF,
  0xFFFF,0xBDF7,0xE71C,0xDEFB,0xDEFB,0xDEFB,0xE73C,0xE71C,0xDEFB,0xDEFB,
  0xDEFB,0xDEFB,0xDEFB,0xDEDB,0xDEFB,0xDEFB,0xDEFB,0xDEFB,0xE71C,0xDEFB,
  0xDEFB,0xDEDB,0xDEDB,0xDEDB,0xDEFB,0xD6BA,0xDEFB,0xE71C,0xDEDB,0xDEDB,
  0xDEFB,
  0xEF5D,0xEF5D,0xEF5D,0xEF5D,0xEF5D,0xEF5D,0xEF5D,0xEF7D,0xEF5D,0xEF5D,
  0xEF5D,0xE73C,0xE71C,0xE71C,0xE71C,0xDEFB,0xE71C,0xE71C,0xE73C,0xE71C,
  0xE73C,0xE73C,0xE73C,0xE73C,0xE73C,0xE71C,0xE71C,0xE71C,0xE71C,0xEF5D,
  0xE73C,0xF7BE,0xFFFF,0x2945,0x5ACB,0x7BCF,0x9492,0x738E,0x7BCF,0x630C,
  0xBDD7,0xCE79,0xB5B6,0xAD75,0xB596,0xD69A,0xEF7D,0xFFFF,0xF7BE,0xF7BE,
  0xF7BE,0xFFFF,0xF7BE,0xE73C,0xE71C,0xD6BA,0xDEDB,0xDEFB,0xF79E,0xEF5D,
  0xFFDF,0xFFFF,0xF7BE,0xEF7D,0xF7BE,0xFFFF,0xEF5D,0xFFFF,0xFFFF,0xFFFF,
  0xFFFF,0xDEFB,0xD69A,0xDEDB,0xE73C,0xDEFB,0xDEFB,0xDEFB,0xE71C,0xDEFB,
  0xDEFB,0xDEFB,0xE73C,0xDEFB,0xDEFB,0xDEFB,0xE71C,0xDEFB,0xDEFB,0xDEFB,
  0xE71C,0xDEFB,0xD6BA,0xDEDB,0xE71C,0xDEFB,0xDEFB,0xDEFB,0xDEDB,0xDEDB,
  0xDEFB,
  0xE73C,0xE71C,0xE73C,0xE71C,0xEF5D,0xEF5D,0xE71C,0xEF5D,0xE71C,0xEF5D,
  0xEF5D,0xEF5D,0xE71C,0xDEFB,0xDEFB,0xE73C,0xE71C,0xE71C,0xE73C,0xDEFB,
  0xE71C,0xE73C,0xE71C,0xEF7D,0xE73C,0xDEFB,0xE71C,0xE71C,0xE71C,0xE71C,
  0xE71C,0xDEFB,0xFFFF,0x9CD3,0x0841,0x7BCF,0x8C51,0x7BCF,0x738E,0x7BEF,
  0xD69A,0xC618,0x8C71,0xC638,0xBDD7,0xC618,0xDEFB,0xEF7D,0xF7BE,0xE73C,
  0xE71C,0xE71C,0xDEFB,0xDEDB,0xD6BA,0xC638,0xC638,0xE71C,0xDEFB,0xFFDF,
  0xFFDF,0xFFDF,0xE73C,0xD6BA,0xDEDB,0xFFFF,0xFFFF,0xFFFF,0xFFFF,0xFFFF,
  0xFFFF,0xE73C,0xFFFF,0xFFFF,0xDEFB,0xDEFB,0xDEFB,0xE71C,0xE73C,0xDEFB,
  0xDEFB,0xDEFB,0xDEFB,0xDEFB,0xDEFB,0xE71C,0xDEFB,0xDEFB,0xDEFB,0xDEFB,
  0xD6BA,0xE71C,0xE71C,0xE71C,0xE71C,0xDEFB,0xDEDB,0xDEDB,0xDEFB,0xE71C,
  0xDEFB,
  0xE73C,0xEF5D,0xEF5D,0xEF5D,0xEF5D,0xE71C,0xEF5D,0xDEFB,0xE71C,0xE71C,
  0xE71C,0xE73C,0xE71C,0xE71C,0xDEFB,0xDEFB,0xE71C,0xE71C,0xE73C,0xE71C,
  0xE71C,0xE71C,0xE71C,0xE73C,0xE71C,0xDEDB,0xE71C,0xE71C,0xDEFB,0xE71C,
  0xEF5D,0xEF5D,0xEF7D,0xFFFF,0x4A69,0x2124,0x6B4D,0x6B6D,0x5ACB,0x52AA,
  0x9CD3,0xCE79,0x4A69,0x8430,0xB596,0xB5B6,0xBDF7,0xBDF7,0xCE59,0xC638,
  0xBDF7,0xDEDB,0xE73C,0xD69A,0xAD75,0xA514,0xD69A,0xF79E,0xF79E,0xFFFF,
  0xEF5D,0xDEDB,0xE71C,0xFFFF,0xFFFF,0xFFFF,0xFFFF,0xFFFF,0xFFFF,0xFFFF,
  0xFFFF,0x0000,0x0000,0xFFFF,0xFFDF,0xDEFB,0xE73C,0xE71C,0xDEDB,0xDEFB,
  0xDEFB,0xE71C,0xDEFB,0xE71C,0xDEFB,0xE71C,0xDEFB,0xE71C,0xDEFB,0xE73C,
  0xDEFB,0xDEFB,0xD6BA,0xDEFB,0xDEDB,0xD6BA,0xDEDB,0xDEDB,0xDEDB,0xDEFB,
  0xDEFB,
  0xEF5D,0xEF5D,0xEF5D,0xDEFB,0xE71C,0xE71C,0xEF5D,0xE71C,0xEF5D,0xE71C,
  0xE71C,0xE71C,0xE73C,0xE71C,0xE71C,0xE71C,0xDEFB,0xE73C,0xE73C,0xE73C,
  0xE73C,0xE73C,0xE73C,0xDEFB,0xE71C,0xE73C,0xE73C,0xDEDB,0xE71C,0xE71C,
  0xDEFB,0xDEFB,0xE71C,0xFFFF,0xFFFF,0x0861,0x39C7,0x738E,0x632C,0x2965,
  0x39C7,0x9CD3,0x630C,0x738E,0x9CD3,0x9CF3,0xBDD7,0xBDD7,0xB5B6,0xD69A,
  0xEF5D,0xE73C,0xC638,0xCE79,0xD6BA,0xD6BA,0xCE79,0xDEFB,0xDEDB,0xD69A,
  0xF79E,0xFFFF,0xFFFF,0xFFFF,0xFFFF,0xFFFF,0xFFFF,0xFFFF,0xFFFF,0xFFFF,
  0xFFFF,0xFFFF,0x0000,0x4A69,0xFFFF,0xDEDB,0xDEFB,0xDEFB,0xEF7D,0xEF7D,
  0xDEFB,0xDEFB,0xDEFB,0xDEFB,0xE71C,0xE71C,0xE71C,0xDEFB,0xDEDB,0xE71C,
  0xD6BA,0xE71C,0xE71C,0xD6BA,0xDEFB,0xDEDB,0xDEDB,0xDEDB,0xDEFB,0xD6BA,
  0xDEFB,
  0xE73C,0xE71C,0xEF7D,0xEF5D,0xE71C,0xE71C,0xE71C,0xE71C,0xEF5D,0xEF5D,
  0xE71C,0xE71C,0xE71C,0xE71C,0xE71C,0xE71C,0xE73C,0xE71C,0xDEFB,0xE71C,
  0xE71C,0xE71C,0xE73C,0xE71C,0xE73C,0xDEFB,0xE71C,0xDEFB,0xE71C,0xE71C,
  0xE73C,0xE71C,0xDEFB,0xDEFB,0xFFFF,0xF7BE,0x2124,0x3186,0x632C,0x4A49,
  0x5ACB,0x4208,0x4A49,0x5AEB,0x5AEB,0x528A,0x6B4D,0x738E,0x5AEB,0x94B2,
  0xD6BA,0xB5B6,0xA534,0xCE79,0xDEDB,0xF79E,0xEF7D,0xD6BA,0xE73C,0xFFFF,
  0xFFFF,0xFFFF,0xFFFF,0xFFFF,0xFFFF,0xFFFF,0xFFFF,0xFFFF,0xFFFF,0xFFFF,
  0xFFFF,0xFFFF,0x0000,0x0000,0xFFFF,0xFFDF,0xD6BA,0xDEFB,0xE71C,0xDEDB,
  0xDEFB,0xDEFB,0xDEFB,0xE71C,0xE71C,0xDEFB,0xD6BA,0xE71C,0xDEFB,0xDEFB,
  0xDEFB,0xDEFB,0xDEFB,0xE71C,0xE71C,0xDEDB,0xDEDB,0xE71C,0xDEFB,0xDEFB,
  0xDEFB,
  0xE73C,0xEF5D,0xE71C,0xEF5D,0xEF5D,0xEF5D,0xE71C,0xE73C,0xEF5D,0xE71C,
  0xEF5D,0xE71C,0xE71C,0xE73C,0xE71C,0xE71C,0xE71C,0xE71C,0xE73C,0xE71C,
  0xE71C,0xE71C,0xE71C,0xEF5D,0xE71C,0xDEFB,0xEF5D,0xE73C,0xE71C,0xE71C,
  0xE71C,0xE71C,0xE71C,0xDEFB,0xDEFB,0xFFFF,0xFFFF,0x39E7,0x3186,0x7BCF,
  0x8410,0x6B4D,0x5AEB,0x630C,0x528A,0x39E7,0x4A49,0x630C,0xA514,0xBDD7,
  0xD69A,0xBDF7,0xBDF7,0xD69A,0xCE79,0xD6BA,0xD69A,0xDEFB,0xFFFF,0xFFFF,
  0xFFFF,0xFFFF,0xFFFF,0xFFFF,0xFFFF,0xFFFF,0xFFFF,0xFFFF,0xFFFF,0xFFFF,
  0xFFFF,0xE71C,0x0000,0x0000,0xB5B6,0xFFFF,0xEF7D,0xDEFB,0xE71C,0xE71C,
  0xE71C,0xE71C,0xE71C,0xE71C,0xE73C,0xDEFB,0xE71C,0xE71C,0xD6BA,0xDEFB,
  0xD6BA,0xDEDB,0xDEDB,0xD6BA,0xDEDB,0xD6BA,0xDEDB,0xDEDB,0xD6BA,0xDEFB,
  0xDEFB,
  0xE73C,0xE71C,0xE71C,0xE71C,0xE71C,0xE71C,0xE73C,0xE73C,0xE73C,0xE71C,
  0xEF5D,0xE71C,0xE71C,0xDEFB,0xE71C,0xE71C,0xE71C,0xE73C,0xE71C,0xE71C,
  0xEF5D,0xEF7D,0xE73C,0xEF7D,0xE71C,0xDEFB,0xE71C,0xE71C,0xE71C,0xE71C,
  0xE71C,0xE71C,0xE73C,0xEF5D,0xE71C,0xDEFB,0xFFFF,0xFFFF,0x528A,0x2965,
  0x632C,0x6B6D,0x632C,0x630C,0x7BEF,0xAD55,0xA534,0xA514,0xAD75,0xBDF7,
  0xD6BA,0xCE59,0xC638,0xC638,0xD69A,0xBDF7,0xA534,0xFFDF,0xFFFF,0xFFFF,
  0xFFFF,0xFFFF,0xFFFF,0xFFFF,0xFFFF,0xFFFF,0xFFFF,0xFFFF,0xFFFF,0xFFFF,
  0xFFFF,0x0000,0x0000,0x18E3,0x0000,0x9CF3,0xFFFF,0xFFFF,0xD6BA,0xE71C,
  0xE71C,0xE73C,0xE71C,0xE71C,0xE73C,0xE71C,0xDEFB,0xDEFB,0xE71C,0xE71C,
  0xDEDB,0xE71C,0xDEFB,0xDEFB,0xE71C,0xDEDB,0xD6BA,0xE71C,0xDEDB,0xDEDB,
  0xDEDB,
  0xE71C,0xEF5D,0xEF5D,0xE71C,0xE73C,0xEF5D,0xE71C,0xE71C,0xE71C,0xEF5D,
  0xEF5D,0xDEDB,0xEF7D,0xE73C,0xE71C,0xDEFB,0xE71C,0xE73C,0xE71C,0xE73C,
  0xE73C,0xE71C,0xDEFB,0xE71C,0xE71C,0xE71C,0xE71C,0xE71C,0xE71C,0xE73C,
  0xE71C,0xE73C,0xE71C,0xE73C,0xE71C,0xDEFB,0xD69A,0xFFFF,0xFFFF,0x0000,
  0x528A,0x6B4D,0x7BCF,0x7BEF,0x9492,0xA534,0x9CD3,0x8C51,0x94B2,0xAD55,
  0xD69A,0xCE59,0xC638,0xCE79,0xB5B6,0x9CF3,0xD69A,0xFFFF,0xFFFF,0xFFFF,
  0xFFFF,0xFFFF,0xFFFF,0xFFFF,0xFFFF,0xFFFF,0xFFFF,0xFFFF,0xFFFF,0xFFFF,
  0x8C71,0x0000,0x31A6,0x2945,0x18C3,0x0000,0x2945,0xFFFF,0xFFFF,0xCE59,
  0xDEFB,0xDEFB,0xE73C,0xDEFB,0xDEFB,0xE71C,0xDEFB,0xDEFB,0xE71C,0xE73C,
  0xDEDB,0xDEDB,0xDEDB,0xDEDB,0xDEDB,0xDEDB,0xDEDB,0xDEDB,0xD6BA,0xDEDB,
  0xDEDB,
  0xEF5D,0xE73C,0xEF5D,0xE71C,0xE71C,0xE73C,0xE71C,0xEF5D,0xE71C,0xDEFB,
  0xE73C,0xE71C,0xE71C,0xE71C,0xE73C,0xE71C,0xE71C,0xE73C,0xE73C,0xE71C,
  0xE73C,0xE73C,0xE73C,0xE73C,0xE73C,0xE71C,0xE73C,0xE71C,0xE71C,0xE71C,
  0xE71C,0xE71C,0xE73C,0xE71C,0xE71C,0xDEFB,0xDEDB,0xFFFF,0xFFFF,0xAD55,
  0x2945,0x9492,0x7BCF,0x632C,0x7BCF,0x7BCF,0x73AE,0x94B2,0x9492,0xAD75,
  0xD69A,0xCE59,0xCE79,0xBDD7,0x9CD3,0xDEDB,0xFFFF,0xFFFF,0xFFFF,0xFFFF,
  0xFFFF,0xFFFF,0xFFFF,0xFFFF,0xFFFF,0xFFFF,0xFFFF,0xFFFF,0xFFFF,0xFFFF,
  0x0000,0x2104,0x3186,0x3186,0x2965,0x3186,0x0000,0x18C3,0xFFFF,0xFFFF,
  0xEF7D,0xD6BA,0xE71C,0xDEFB,0xDEFB,0xD6BA,0xDEFB,0xDEFB,0xD6BA,0xDEFB,
  0xDEFB,0xDEDB,0xD6BA,0xDEDB,0xDEDB,0xD6BA,0xD6BA,0xDEDB,0xDEDB,0xDEDB,
  0xDEFB,
  0xE73C,0xEF5D,0xEF5D,0xEF5D,0xE71C,0xEF7D,0xE71C,0xE73C,0xE71C,0xEF5D,
  0xE73C,0xE71C,0xE71C,0xE71C,0xE71C,0xE71C,0xE73C,0xE73C,0xDEFB,0xDEDB,
  0xE71C,0xDEDB,0xE71C,0xE71C,0xE71C,0xE71C,0xE73C,0xE71C,0xE71C,0xDEDB,
  0xEF5D,0xE73C,0xE71C,0xEF5D,0xE71C,0xD69A,0xDEFB,0xFFFF,0xFFFF,0xFFFF,
  0x6B4D,0x528A,0xA514,0x9CF3,0x8410,0x7BEF,0x8C51,0xA534,0x94B2,0xA514,
  0xB5B6,0xA534,0x9CF3,0xA534,0xE73C,0xFFFF,0xFFFF,0xFFFF,0xFFFF,0xFFFF,
  0xFFFF,0xFFFF,0xFFFF,0xFFFF,0xFFFF,0xFFFF,0xFFFF,0xFFFF,0xFFFF,0x1082,
  0x0000,0x39E7,0x3186,0x2965,0x2124,0x2124,0x3186,0x0000,0x0000,0x9CF3,
  0xFFFF,0xFFFF,0xD6BA,0xE71C,0xE71C,0xDEFB,0xDEFB,0xDEDB,0xDEFB,0xDEFB,
  0xDEDB,0xDEDB,0xD6BA,0xDEDB,0xDEDB,0xDEFB,0xDEDB,0xDEDB,0xD69A,0xDEDB,
  0xDEFB,
  0xE73C,0xE73C,0xEF5D,0xE71C,0xDEFB,0xEF5D,0xDEFB,0xE71C,0xEF5D,0xEF5D,
  0xEF5D,0xDEFB,0xE71C,0xDEFB,0xE71C,0xE73C,0xE73C,0xE71C,0xE73C,0xE71C,
  0xDEFB,0xE71C,0xE71C,0xE71C,0xE71C,0xE71C,0xE71C,0xDEFB,0xE73C,0xE73C,
  0xE71C,0xE71C,0xEF5D,0xE73C,0xE71C,0xCE79,0xEF5D,0xFFFF,0xFFFF,0xFFFF,
  0xFFFF,0x4A49,0x94B2,0x94B2,0x8C51,0x7BEF,0x6B6D,0x738E,0x73AE,0x7BCF,
  0x8C51,0xA534,0xAD75,0xFFFF,0xFFFF,0xFFFF,0xFFFF,0xFFFF,0xFFFF,0xFFFF,
  0xFFFF,0xFFFF,0xFFFF,0xFFFF,0xFFFF,0xFFFF,0xFFFF,0xFFFF,0xC618,0x0000,
  0x31A6,0x2965,0x31A6,0x2124,0x2124,0x2945,0x2945,0x2124,0x0861,0x0000,
  0x0000,0xFFFF,0xFFFF,0xCE59,0xDEDB,0xDEDB,0xD6BA,0xDEFB,0xDEDB,0xDEDB,
  0xDEDB,0xD6BA,0xD6BA,0xDEDB,0xD6BA,0xD6BA,0xDEDB,0xDEDB,0xDEDB,0xDEDB,
  0xDEDB,
  0xE73C,0xEF5D,0xE71C,0xE73C,0xE71C,0xEF5D,0xE71C,0xE73C,0xEF5D,0xEF5D,
  0xE71C,0xE71C,0xE73C,0xDEFB,0xDEFB,0xDEFB,0xE71C,0xE71C,0xDEFB,0xDEFB,
  0xE71C,0xE73C,0xE71C,0xE71C,0xE73C,0xE71C,0xE73C,0xE73C,0xE71C,0xE71C,
  0xEF5D,0xEF5D,0xE73C,0xDEFB,0xE71C,0xFFFF,0xFFFF,0xFFFF,0xFFFF,0xFFFF,
  0xFFFF,0xBDF7,0x528A,0x8C71,0x7BEF,0x7BEF,0x7BCF,0x8430,0x7BEF,0x9CD3,
  0x94B2,0xAD75,0xFFDF,0xFFFF,0xFFFF,0xFFFF,0xFFFF,0xFFFF,0xFFFF,0xFFFF,
  0xFFFF,0xFFFF,0xFFFF,0xFFFF,0xFFFF,0xFFFF,0xFFFF,0xFFFF,0x0000,0x1082,
  0x31A6,0x31A6,0x3186,0x2965,0x3186,0x2945,0x2945,0x2965,0x3186,0x3186,
  0x0000,0x0000,0xFFFF,0xFFFF,0xFFFF,0xD69A,0xD69A,0xD6BA,0xDEDB,0xDEDB,
  0xDEDB,0xDEDB,0xDEDB,0xE71C,0xD6BA,0xD6BA,0xDEDB,0xDEDB,0xD69A,0xDEDB,
  0xDEDB,
  0xE73C,0xE71C,0xE71C,0xE73C,0xE71C,0xDEFB,0xE71C,0xE71C,0xE71C,0xE73C,
  0xE71C,0xDEFB,0xE73C,0xDEFB,0xDEFB,0xE71C,0xE71C,0xE71C,0xDEFB,0xE71C,
  0xE71C,0xE71C,0xE73C,0xE71C,0xE71C,0xE71C,0xDEDB,0xE71C,0xEF5D,0xEF5D,
  0xE73C,0xDEFB,0xE71C,0xFFFF,0xFFFF,0xB5B6,0x4208,0xFFFF,0xFFFF,0xFFFF,
  0xFFFF,0xFFFF,0x632C,0x7BEF,0xA534,0xA534,0xA514,0x8C71,0x94B2,0x7BEF,
  0x9CD3,0xFFFF,0xFFFF,0xFFFF,0xFFFF,0xFFFF,0xFFFF,0xFFFF,0xFFFF,0xFFFF,
  0xFFFF,0xFFFF,0xFFFF,0xFFFF,0xFFFF,0xFFFF,0xFFFF,0x39E7,0x0000,0x31A6,
  0x3186,0x31A6,0x2945,0x2965,0x2965,0x3186,0x3186,0x2965,0x2104,0x2124,
  0x2965,0x0000,0x0000,0x5ACB,0xFFFF,0xFFFF,0xFFFF,0xDEDB,0xCE79,0xDEFB,
  0xDEDB,0xD6BA,0xD6BA,0xDEFB,0xD6BA,0xDEDB,0xDEDB,0xD6BA,0xD6BA,0xDEDB,
  0xDEDB,
  0xE71C,0xE73C,0xEF5D,0xE71C,0xE71C,0xE73C,0xE71C,0xE71C,0xE73C,0xE71C,
  0xE73C,0xE73C,0xE71C,0xDEFB,0xDEFB,0xDEFB,0xE71C,0xE73C,0xDEFB,0xE73C,
  0xE73C,0xE71C,0xE73C,0xE73C,0xE71C,0xE71C,0xE73C,0xDEDB,0xD6BA,0xD6BA,
  0xFFDF,0xFFFF,0xFFFF,0xFFFF,0x4A49,0x0000,0x632C,0xFFFF,0xFFFF,0xFFFF,
  0xFFFF,0xFFFF,0xFFFF,0x632C,0x9CD3,0xAD75,0xBDD7,0xC638,0xBDF7,0x7BCF,
  0xD6BA,0xFFFF,0xFFFF,0xFFFF,0xFFFF,0xFFFF,0xFFFF,0xFFFF,0xFFFF,0xFFFF,
  0xFFFF,0xFFFF,0xFFFF,0xFFFF,0xFFFF,0xFFFF,0xFFFF,0x0000,0x2945,0x3186,
  0x2965,0x3186,0x31A6,0x3186,0x2965,0x2124,0x2945,0x2124,0x2945,0x2124,
  0x18E3,0x3186,0x0861,0x0000,0x0000,0x4228,0xFFFF,0xFFFF,0xFFFF,0xDEFB,
  0xC638,0xD6BA,0xD6BA,0xDEDB,0xDEDB,0xD6BA,0xD6BA,0xD6BA,0xD6BA,0xD69A,
  0xDEDB,
  0xE71C,0xE71C,0xE71C,0xE71C,0xE71C,0xE71C,0xE71C,0xE71C,0xE73C,0xE71C,
  0xE73C,0xE71C,0xDEFB,0xE71C,0xE71C,0xDEFB,0xDEFB,0xE71C,0xE71C,0xE71C,
  0xE71C,0xE71C,0xDEFB,0xDEFB,0xCE79,0xDEDB,0xF79E,0xFFFF,0xFFFF,0xFFFF,
  0xFFFF,0xFFFF,0x39C7,0x0000,0x0000,0x0000,0xBDD7,0xFFFF,0xFFFF,0xFFFF,
  0xFFFF,0xFFFF,0xFFFF,0xFFFF,0xB5B6,0xFFFF,0xE73C,0xB5B6,0x9492,0x528A,
  0xFFFF,0xFFFF,0xFFFF,0xFFFF,0xFFFF,0xFFFF,0xFFFF,0xFFFF,0xFFFF,0xFFFF,
  0xFFFF,0xFFFF,0xFFFF,0xFFFF,0xFFFF,0xFFFF,0x0000,0x0000,0x2965,0x2124,
  0x2965,0x2965,0x2965,0x2124,0x2124,0x2945,0x2124,0x2104,0x2945,0x2124,
  0x18E3,0x2965,0x2124,0x18E3,0x18C3,0x0000,0x0000,0x1082,0xDEDB,0xFFFF,
  0xFFFF,0xF7BE,0xC638,0xCE79,0xDEDB,0xD69A,0xDEDB,0xDEDB,0xDEDB,0xD6BA,
  0xD6BA,
  0xE73C,0xE73C,0xE73C,0xE71C,0xE73C,0xE71C,0xE71C,0xE71C,0xE71C,0xE73C,
  0xE73C,0xDEFB,0xE71C,0xDEFB,0xE71C,0xDEFB,0xE71C,0xDEFB,0xDEFB,0xDEDB,
  0xD6BA,0xE71C,0xFFFF,0xFFFF,0xFFFF,0xFFFF,0xFFFF,0xFFFF,0x9CF3,0x18C3,
  0x0000,0x0000,0x0000,0x0020,0x1082,0x0000,0xFFDF,0xFFFF,0xFFFF,0xFFFF,
  0xFFFF,0xFFFF,0xFFFF,0xFFFF,0xFFFF,0xE73C,0xFFFF,0xDEDB,0x4A49,0xFFFF,
  0xFFFF,0xFFFF,0xFFFF,0xFFFF,0xFFFF,0xFFFF,0xFFFF,0xFFFF,0xFFFF,0xFFFF,
  0xFFFF,0xFFFF,0xFFFF,0xFFFF,0xFFFF,0x0020,0x0000,0x2124,0x39C7,0x3186,
  0x31A6,0x3186,0x2965,0x2124,0x2124,0x2104,0x2945,0x2124,0x2124,0x18E3,
  0x18E3,0x2965,0x2124,0x2104,0x2945,0x2965,0x18E3,0x0000,0x0000,0x0000,
  0x94B2,0xFFFF,0xFFFF,0xFFFF,0xCE79,0xC638,0xE71C,0xDEDB,0xD6BA,0xD6BA,
  0xDEDB,
  0xE73C,0xE71C,0xDEFB,0xE71C,0xE71C,0xE71C,0xE71C,0xE71C,0xDEFB,0xE71C,
  0xE71C,0xE71C,0xE73C,0xDEDB,0xDEFB,0xDEDB,0xD6BA,0xDEDB,0xEF7D,0xFFFF,
  0xFFFF,0xFFFF,0xFFFF,0xEF7D,0x73AE,0x0000,0x0000,0x0000,0x0000,0x0000,
  0x0000,0x1082,0x18E3,0x1082,0x0000,0x0000,0xFFFF,0xFFFF,0xFFFF,0xFFFF,
  0xFFFF,0xFFFF,0xFFFF,0xFFFF,0xFFFF,0xFFFF,0xC618,0x31A6,0xF79E,0xFFFF,
  0xFFFF,0xFFFF,0xFFFF,0xFFFF,0xFFFF,0xFFFF,0xFFFF,0xFFFF,0xFFFF,0xFFFF,
  0xFFFF,0xFFFF,0xFFFF,0xFFFF,0x0000,0x0000,0x2945,0x2104,0x2965,0x2965,
  0x3186,0x2124,0x2945,0x2945,0x2104,0x2124,0x2104,0x2945,0x2104,0x2124,
  0x2124,0x2945,0x18C3,0x1082,0x18C3,0x2945,0x2104,0x2965,0x2945,0x0000,
  0x0000,0x0000,0x5AEB,0xFFFF,0xFFFF,0xFFFF,0xD69A,0xC638,0xD69A,0xD6BA,
  0xDEDB,
  0xE73C,0xEF5D,0xE71C,0xE71C,0xE71C,0xE71C,0xE71C,0xE73C,0xE71C,0xEF5D,
  0xDEDB,0xD6BA,0xD6BA,0xDEDB,0xFFFF,0xFFFF,0xFFFF,0xFFFF,0xFFFF,0xFFFF,
  0x8430,0x0000,0x0000,0x0000,0x0000,0x0000,0x0000,0x1082,0x10A2,0x10A2,
  0x1082,0x10A2,0x0861,0x1082,0x0000,0x0000,0xFFFF,0xFFFF,0xFFFF,0xFFFF,
  0xFFFF,0xFFFF,0xFFFF,0xFFFF,0xFFFF,0xFFFF,0xEF7D,0xC618,0xFFFF,0xFFFF,
  0xFFFF,0xFFFF,0xFFFF,0xFFFF,0xFFFF,0xFFFF,0xFFFF,0xFFFF,0xFFFF,0xFFFF,
  0xFFFF,0xFFFF,0xFFFF,0x4A49,0x4228,0x18E3,0x18C3,0x2124,0x3186,0x2965,
  0x2965,0x3186,0x2124,0x18E3,0x2104,0x2124,0x2945,0x2104,0x2124,0x18C3,
  0x18E3,0x2965,0x18C3,0x10A2,0x2104,0x18C3,0x18C3,0x2104,0x2124,0x2965,
  0x2965,0x0000,0x0000,0x0000,0x2104,0xF79E,0xFFFF,0xFFFF,0xEF5D,0xCE79,
  0xD6BA,
  0xE71C,0xE73C,0xE73C,0xE71C,0xE71C,0xE71C,0xDEFB,0xD6BA,0xCE79,0xDEDB,
  0xFFFF,0xFFFF,0xFFFF,0xFFFF,0xFFFF,0xFFFF,0xC638,0x4A49,0x0000,0x0000,
  0x0000,0x0000,0x0000,0x1082,0x10A2,0x18C3,0x1082,0x0000,0x0000,0x0841,
  0x0861,0x0841,0x0841,0x1082,0x0000,0x0000,0xFFFF,0xFFFF,0xD69A,0xFFFF,
  0xFFFF,0xFFFF,0xFFFF,0xFFFF,0xFFFF,0xFFFF,0xFFFF,0xFFFF,0xFFFF,0xFFFF,
  0xFFFF,0xFFFF,0xFFFF,0xFFFF,0xFFFF,0xFFFF,0xFFFF,0xFFFF,0xFFFF,0xFFFF,
  0xFFFF,0xFFFF,0x630C,0x2104,0x8410,0x39C7,0x0841,0x2945,0x3186,0x2965,
  0x39C7,0x3186,0x2965,0x2124,0x18E3,0x2124,0x2965,0x2104,0x18E3,0x2104,
  0x18C3,0x3186,0x18C3,0x18C3,0x18C3,0x18C3,0x18C3,0x2104,0x18C3,0x10A2,
  0x18E3,0x18E3,0x2965,0x18E3,0x0000,0x0000,0x0000,0xAD55,0xFFFF,0xFFFF,
  0xF7BE,
  0xE73C,0xE71C,0xE71C,0xE71C,0xDEDB,0xD6BA,0xF7BE,0xFFFF,0xFFFF,0xFFFF,
  0xFFFF,0xD6BA,0x4A69,0x0000,0x0000,0x0000,0x0000,0x0000,0x0000,0x1082,
  0x0861,0x10A2,0x0841,0x0841,0x0861,0x0861,0x0861,0x0020,0x0861,0x0861,
  0x0861,0x1082,0x0020,0x1082,0x0000,0x632C,0xFFFF,0xFFFF,0xFFFF,0xFFFF,
  0xFFFF,0xFFFF,0xFFFF,0xFFFF,0xFFFF,0xFFFF,0xFFFF,0xFFFF,0xFFFF,0xFFFF,
  0xFFFF,0xFFFF,0xFFFF,0xFFFF,0xFFFF,0xFFFF,0xFFFF,0xFFFF,0xFFFF,0xFFFF,
  0xFFFF,0xF7BE,0xA534,0x18E3,0x7BEF,0x5ACB,0x0000,0x2945,0x2124,0x2124,
  0x2124,0x2104,0x2104,0x18E3,0x2104,0x18E3,0x2945,0x18E3,0x18E3,0x18E3,
  0x2124,0x2945,0x10A2,0x0841,0x10A2,0x18C3,0x18E3,0x18E3,0x18C3,0x18E3,
  0x18E3,0x18C3,0x18C3,0x18E3,0x2104,0x2945,0x0000,0x0000,0x0000,0x4A69,
  0xBDF7,
  0xE71C,0xE71C,0xE71C,0xDEDB,0xFFFF,0xFFFF,0xFFFF,0xFFFF,0x8C71,0x0000,
  0x0000,0x0000,0x0000,0x0000,0x0000,0x0000,0x0841,0x18E3,0x0000,0x0000,
  0x0000,0x0000,0x0000,0x0020,0x0020,0x0020,0x0861,0x0020,0x0861,0x0861,
  0x0020,0x0020,0x0020,0x0841,0x0000,0xE73C,0xFFFF,0xFFFF,0xFFFF,0xFFFF,
  0xFFFF,0xFFFF,0xFFFF,0xFFFF,0xFFFF,0xFFFF,0xFFFF,0xFFFF,0xFFFF,0xFFFF,
  0xFFFF,0xFFFF,0xFFFF,0xFFFF,0xFFFF,0xFFFF,0xFFFF,0xFFFF,0xFFFF,0xFFFF,
  0xFFFF,0xFFFF,0x18E3,0x4A69,0x738E,0xA514,0x0841,0x10A2,0x2965,0x31A6,
  0x2965,0x2124,0x2124,0x2965,0x2124,0x2104,0x2104,0x18E3,0x18E3,0x18E3,
  0x18E3,0x2124,0x18E3,0x18E3,0x10A2,0x18C3,0x1082,0x18E3,0x18C3,0x18C3,
  0x1082,0x1082,0x18E3,0x2104,0x18E3,0x18E3,0x2104,0x2945,0x0020,0x0000,
  0x0000,
  0xE73C,0xE73C,0xE71C,0xFFFF,0xFFFF,0x4A69,0x0000,0x0000,0x0000,0x0000,
  0x0000,0x0861,0x0861,0x0000,0x0000,0x0000,0x0000,0x0000,0x0000,0x0020,
  0x0000,0x0020,0x0000,0x0000,0x0020,0x0861,0x0000,0x1082,0x0861,0x0841,
  0x0000,0x0000,0x0000,0x0000,0x0000,0xFFFF,0xFFFF,0xFFFF,0xFFDF,0xFFFF,
  0xFFFF,0xFFFF,0xFFFF,0xFFFF,0xFFFF,0xFFFF,0xFFFF,0xFFFF,0xFFFF,0xFFFF,
  0xFFFF,0xFFFF,0xFFFF,0xFFFF,0xFFFF,0xFFFF,0xFFFF,0xFFFF,0xFFFF,0xFFFF,
  0xFFFF,0x4A49,0x1082,0x6B6D,0x6B6D,0x94B2,0x4228,0x0020,0x2965,0x2104,
  0x2945,0x2945,0x2124,0x2124,0x2104,0x2945,0x18E3,0x10A2,0x2104,0x18C3,
  0x2104,0x2945,0x0861,0x1082,0x18C3,0x1082,0x1082,0x10A2,0x18E3,0x18C3,
  0x10A2,0x18E3,0x18C3,0x18C3,0x18E3,0x18C3,0x18E3,0x18C3,0x2124,0x2965,
  0x18C3,
  0xE73C,0xE71C,0xFFFF,0xE73C,0x0000,0x0000,0x0000,0x0000,0x0020,0x0841,
  0x0841,0x0841,0x0000,0x0000,0x0000,0x0020,0x0000,0x0000,0x0000,0x0000,
  0x0020,0x0020,0x0020,0x0841,0x0000,0x0020,0x0861,0x0861,0x0841,0x0000,
  0x0000,0x0020,0x0000,0x0000,0x0000,0xFFFF,0xFFFF,0xFFFF,0xD6BA,0xDEFB,
  0xDEFB,0xFFFF,0xFFFF,0xFFFF,0xFFFF,0xFFFF,0xFFFF,0xAD75,0xFFFF,0xFFFF,
  0xFFFF,0xFFFF,0xFFFF,0xFFFF,0xFFFF,0xFFFF,0xFFFF,0xFFFF,0xFFFF,0xFFFF,
  0xCE59,0x0000,0x52AA,0x630C,0x632C,0x632C,0x7BCF,0x0000,0x2124,0x2945,
  0x2104,0x2104,0x2945,0x18E3,0x18E3,0x2945,0x2104,0x18E3,0x18C3,0x18E3,
  0x2104,0x2965,0x0841,0x1082,0x18C3,0x18C3,0x18C3,0x0861,0x0861,0x1082,
  0x0861,0x18C3,0x10A2,0x10A2,0x18C3,0x10A2,0x1082,0x18C3,0x18C3,0x18E3,
  0x18E3,
  0xE73C,0xFFFF,0xDEFB,0x0000,0x0000,0x0020,0x0000,0x0861,0x1082,0x0000,
  0x0000,0x0000,0x0000,0x0000,0x0000,0x0000,0x0000,0x0000,0x0000,0x0841,
  0x0000,0x0020,0x0020,0x0841,0x0000,0x1082,0x0841,0x0000,0x0000,0x0000,
  0x0020,0x0000,0x0000,0x0000,0xAD55,0xFFFF,0xFFFF,0xFFFF,0xFFFF,0xFFFF,
  0xFFFF,0xFFFF,0xFFFF,0xFFFF,0xFFFF,0xEF5D,0xFFFF,0xFFFF,0xFFFF,0xFFFF,
  0xFFFF,0xFFFF,0xFFFF,0xFFFF,0xFFFF,0xFFFF,0xFFFF,0xFFFF,0xFFFF,0xFFFF,
  0x0000,0x2965,0x52AA,0x6B6D,0x6B4D,0x6B4D,0x73AE,0x2104,0x0841,0x2124,
  0x2965,0x2124,0x2104,0x18E3,0x2124,0x2124,0x2104,0x18E3,0x2104,0x1082,
  0x18C3,0x31A6,0x0861,0x0861,0x0000,0x0000,0x18E3,0x10A2,0x1082,0x10A2,
  0x0020,0x1082,0x10A2,0x1082,0x0861,0x18E3,0x18E3,0x18C3,0x18C3,0x18C3,
  0x18E3,
  0xF79E,0xFFFF,0x0000,0x0000,0x0020,0x0000,0x0000,0x0841,0x0000,0x0020,
  0x0000,0x0000,0x0000,0x0000,0x0000,0x0000,0x0000,0x0000,0x0020,0x0000,
  0x0000,0x0000,0x0000,0x0000,0x0020,0x0000,0x0000,0x0000,0x0000,0x0000,
  0x0000,0x0000,0x0000,0x0000,0xFFFF,0xFFFF,0xFFFF,0xFFFF,0xFFFF,0xFFFF,
  0xFFFF,0xFFFF,0xFFFF,0xA534,0x18C3,0xD69A,0xFFFF,0xFFFF,0xFFFF,0xFFFF,
  0xFFFF,0xFFFF,0xFFFF,0xFFFF,0xFFFF,0xFFFF,0xFFFF,0xFFFF,0xFFFF,0x7BEF,
  0x0000,0x6B4D,0x632C,0x632C,0x52AA,0x5ACB,0x6B6D,0x528A,0x0000,0x2965,
  0x2945,0x2124,0x18C3,0x18E3,0x2945,0x18E3,0x10A2,0x18E3,0x18C3,0x18E3,
  0x18C3,0x0841,0x0000,0x0000,0x18C3,0x0000,0x0000,0x0841,0x0861,0x10A2,
  0x10A2,0x0861,0x10A2,0x1082,0x0861,0x10A2,0x10A2,0x18C3,0x18C3,0x18C3,
  0x18E3,
  0xFFFF,0x9CF3,0x0000,0x0000,0x0000,0x0861,0x0841,0x0841,0x0000,0x0000,
  0x0000,0x0000,0x0000,0x0000,0x0000,0x0000,0x0000,0x0000,0x0020,0x0000,
  0x0000,0x0020,0x0020,0x0861,0x0000,0x0000,0x0000,0x0000,0x0000,0x0000,
  0x0000,0x0000,0x0000,0x738E,0xEF5D,0xFFFF,0xFFFF,0xFFFF,0xFFFF,0xE73C,
  0x0000,0x0000,0x52AA,0xE71C,0x9CF3,0x9CF3,0xFFFF,0xFFFF,0xFFFF,0xFFFF,
  0xFFFF,0xFFFF,0xFFFF,0xFFFF,0xFFFF,0xFFFF,0xFFFF,0xFFFF,0xFFFF,0x0000,
  0x528A,0x7BCF,0x52AA,0x5AEB,0x738E,0x5AEB,0x7BCF,0x9CD3,0x0000,0x18E3,
  0x2124,0x18E3,0x18E3,0x18C3,0x18C3,0x18C3,0x18E3,0x2104,0x0861,0x0000,
  0x0000,0x3186,0x7BCF,0xB596,0x9CF3,0xDEDB,0x7BCF,0x0000,0x0020,0x0020,
  0x10A2,0x1082,0x0841,0x10A2,0x1082,0x10A2,0x18E3,0x1082,0x18C3,0x18E3,
  0x18E3,
  0xFFFF,0x1082,0x0000,0x0000,0x0000,0x0000,0x0000,0x0841,0x0000,0x0000,
  0x0000,0x0000,0x0000,0x0000,0x0000,0x0000,0x0000,0x0000,0x0000,0x0841,
  0x0000,0x0020,0x0861,0x0000,0x0000,0x0000,0x0020,0x0000,0x0000,0x0000,
  0x0000,0x0000,0x0000,0xFFDF,0x630C,0xF7BE,0xFFFF,0x8410,0x0000,0x0000,
  0x0000,0x9CF3,0xC618,0xFFFF,0xFFFF,0xFFFF,0xFFFF,0xFFFF,0xFFFF,0xFFFF,
  0xFFFF,0xFFFF,0xFFFF,0xFFFF,0xFFFF,0xFFFF,0xFFFF,0xFFFF,0x4228,0x0841,
  0x7BCF,0x738E,0x6B6D,0x5AEB,0x6B6D,0x6B6D,0x5AEB,0x9CD3,0x5AEB,0x0000,
  0x2945,0x18C3,0x18C3,0x18C3,0x2104,0x18E3,0x0020,0x0000,0x0000,0x52AA,
  0x9CF3,0xAD75,0x8410,0x2124,0x18C3,0x9CD3,0xA514,0x0000,0x0000,0x0020,
  0x1082,0x0841,0x0841,0x0861,0x0861,0x18E3,0x18C3,0x2104,0x2104,0x10A2,
  0x2104,
  0xE71C,0x0000,0x0000,0x0841,0x0000,0x0020,0x0000,0x18C3,0x0000,0x0000,
  0x0000,0x0000,0x0000,0x0000,0x0000,0x0000,0x0000,0x0000,0x0000,0x0020,
  0x0841,0x0000,0x0000,0x0000,0x0000,0x0000,0x0000,0x0000,0x0000,0x0000,
  0x0841,0x0000,0x0020,0xDEDB,0x94B2,0xDEFB,0xC638,0xDEDB,0xFFFF,0xFFFF,
  0xB5B6,0xFFFF,0xFFFF,0xFFFF,0xFFFF,0xFFFF,0xFFFF,0xFFFF,0xFFFF,0xFFFF,
  0xFFFF,0xFFFF,0xFFFF,0xFFFF,0xFFFF,0xEF7D,0xFFFF,0xFFFF,0x0000,0x632C,
  0x6B4D,0x630C,0x7BCF,0x7BEF,0x7BEF,0x5ACB,0x4A69,0x6B6D,0x8C51,0x0841,
  0x2104,0x18C3,0x2124,0x18E3,0x0000,0x0000,0x0000,0x528A,0x9492,0x8C71,
  0x5ACB,0x2124,0x31A6,0x4208,0x8410,0xDEFB,0x18C3,0x0000,0x0000,0x0861,
  0x10A2,0x10A2,0x18C3,0x2104,0x18E3,0x1082,0x10A2,0x2104,0x2104,0x18E3,
  0x2124,
  0xBDD7,0x0000,0x0000,0x0000,0x0841,0x1082,0x0000,0x10A2,0x0841,0x0000,
  0x0000,0x0000,0x0000,0x0000,0x0000,0x0000,0x0000,0x0000,0x0000,0x0000,
  0x0841,0x0000,0x0000,0x0000,0x0000,0x0000,0x0000,0x0000,0x0000,0x0000,
  0x0000,0x0000,0xFFFF,0xA534,0xCE59,0xCE79,0xD6BA,0xE73C,0xDEFB,0xFFDF,
  0x52AA,0xDEFB,0xFFFF,0xFFFF,0xFFFF,0xFFFF,0xFFFF,0xFFFF,0xFFFF,0xFFFF,
  0xFFFF,0xFFFF,0xFFFF,0xFFFF,0xFFFF,0xFFDF,0xFFFF,0x0020,0x3186,0x630C,
  0x6B4D,0x738E,0x5ACB,0x5AEB,0x5AEB,0x73AE,0x8C51,0x6B4D,0x6B6D,0x18E3,
  0x0000,0x2124,0x0000,0x0000,0x10A2,0x630C,0x94B2,0x7BEF,0x528A,0x528A,
  0x632C,0x6B4D,0x6B4D,0x4A69,0x73AE,0xAD75,0x0000,0x0000,0x0841,0x0841,
  0x1082,0x1082,0x1082,0x18E3,0x10A2,0x10A2,0x2104,0x2124,0x2124,0x31A6,
  0x10A2,
  0x8430,0x0000,0x0000,0x0000,0x0000,0x0000,0x1082,0x18E3,0x0020,0x0000,
  0x0000,0x0000,0x0000,0x0000,0x0000,0x0000,0x0000,0x0000,0x0000,0x0000,
  0x0000,0x0000,0x0000,0x0000,0x0000,0x0000,0x0000,0x0000,0x0000,0x0000,
  0x0000,0xFFFF,0xFFFF,0xCE59,0xEF5D,0xD69A,0xE71C,0xDEDB,0xD6BA,0xFFFF,
  0x9CD3,0x8410,0xFFFF,0xFFFF,0xFFFF,0xFFFF,0xFFFF,0xFFFF,0xFFFF,0xFFFF,
  0xFFFF,0xFFFF,0xFFFF,0xFFFF,0xFFFF,0xFFFF,0xAD75,0x0000,0x6B4D,0x738E,
  0x632C,0x4A69,0x5AEB,0x6B4D,0x6B4D,0x52AA,0x52AA,0x738E,0xAD55,0x7BEF,
  0x0000,0x0000,0x2104,0x738E,0x8C71,0x5AEB,0x4228,0x31A6,0x4208,0x630C,
  0x6B6D,0x7BCF,0x39E7,0x632C,0xC638,0x2965,0x0000,0x0000,0x0020,0x1082,
  0x10A2,0x0861,0x10A2,0x18C3,0x10A2,0x3186,0x2945,0x2104,0x4228,0x0841,
  0x0000,
  0x31A6,0x0000,0x0000,0x0000,0x0000,0x1082,0x0861,0x18E3,0x0000,0x0000,
  0x0000,0x0000,0x0000,0x0000,0x0000,0x0000,0x0000,0x0000,0x0000,0x0000,
  0x0000,0x0000,0x0000,0x0000,0x0000,0x0020,0x0020,0x0000,0x0000,0x0000,
  0x5ACB,0xFFFF,0xFFFF,0xFFFF,0xFFDF,0xEF7D,0xEF7D,0xEF5D,0xEF7D,0xF7BE,
  0xEF5D,0x738E,0xFFFF,0xFFFF,0xFFFF,0xFFFF,0xFFFF,0xFFFF,0xFFFF,0xFFFF,
  0xFFFF,0xFFFF,0xFFFF,0xFFFF,0xFFFF,0xFFFF,0x0000,0x39C7,0x73AE,0x738E,
  0x632C,0x52AA,0x5ACB,0x6B4D,0x632C,0x738E,0x630C,0x630C,0x8410,0xC618,
  0x39C7,0x0000,0x8430,0x9CF3,0x52AA,0x528A,0x52AA,0x39E7,0x2945,0x2965,
  0x39E7,0x4208,0x6B6D,0xC638,0x8C51,0x0000,0x0000,0x0020,0x0000,0x0861,
  0x1082,0x0861,0x18C3,0x18E3,0x2124,0x2945,0x2945,0x4A69,0x0000,0x0000,
  0x18E3,
  0x0000,0x0000,0x0000,0x0000,0x0020,0x10A2,0x18C3,0x2104,0x0000,0x0000,
  0x0000,0x0000,0x0000,0x0000,0x0000,0x0000,0x0000,0x0000,0x0000,0x0020,
  0x0000,0x0000,0x0000,0x0000,0x0000,0x0000,0x0000,0x0000,0x0000,0x0000,
  0xFFFF,0xFFFF,0xFFFF,0xFFFF,0xF79E,0xF7BE,0xFFFF,0xF7BE,0xF79E,0xF7BE,
  0xDEFB,0xF79E,0xFFFF,0xFFFF,0xFFFF,0xFFFF,0xFFFF,0xFFFF,0xFFFF,0xFFFF,
  0xFFFF,0xFFFF,0xFFFF,0xFFFF,0xFFFF,0x7BEF,0x0000,0x7BEF,0x632C,0x632C,
  0x6B4D,0x6B4D,0x630C,0x5ACB,0x632C,0x6B4D,0x7BCF,0x5ACB,0x630C,0x5AEB,
  0x39E7,0x2965,0x18C3,0x18C3,0x52AA,0x8C71,0x8C51,0x8410,0x7BEF,0x630C,
  0x4228,0x528A,0x738E,0xBDF7,0x0000,0x0000,0x0000,0x0000,0x0000,0x0861,
  0x1082,0x10A2,0x2945,0x2945,0x2945,0x2945,0x39E7,0x0000,0x0000,0x2124,
  0x2965,
  0x0000,0x0000,0x0000,0x0000,0x0861,0x18C3,0x10A2,0x10A2,0x0000,0x0000,
  0x0000,0x0000,0x0000,0x0000,0x0000,0x0000,0x0000,0x0000,0x0000,0x0000,
  0x0000,0x0000,0x0000,0x0000,0x0000,0x0000,0x0000,0x0000,0x0000,0x2104,
  0xFFFF,0xFFFF,0xFFFF,0xFFFF,0xF79E,0xFFDF,0xFFDF,0xFFFF,0xFFDF,0xFFFF,
  0xE73C,0xE71C,0xFFFF,0xFFFF,0xFFFF,0xFFFF,0xFFFF,0xFFFF,0xFFFF,0xFFFF,
  0xFFFF,0xFFFF,0xFFFF,0xFFFF,0xFFFF,0x0000,0x4A49,0x632C,0x630C,0x73AE,
  0x7BCF,0x6B6D,0x630C,0x7BCF,0x73AE,0x632C,0x5AEB,0x5AEB,0x5ACB,0x4208,
  0x39E7,0x528A,0x632C,0x5ACB,0x3186,0x2965,0x2124,0x4A49,0x630C,0x6B4D,
  0x8C51,0x7BEF,0xCE59,0x10A2,0x0000,0x0000,0x0000,0x0000,0x0020,0x0861,
  0x2104,0x4228,0x2965,0x2945,0x31A6,0x528A,0x0000,0x0000,0x2104,0x2965,
  0x2965,
  0x0000,0x0000,0x0000,0x0000,0x10A2,0x18C3,0x2104,0x10A2,0x0000,0x0000,
  0x0000,0x0000,0x0000,0x0000,0x0000,0x0000,0x0000,0x0000,0x0000,0x0000,
  0x0000,0x0000,0x0000,0x0020,0x0000,0x0000,0x0000,0x0020,0x0000,0xA514,
  0xFFFF,0xFFFF,0xFFFF,0xFFFF,0xFFFF,0xFFFF,0xFFFF,0xFFDF,0xFFDF,0xF79E,
  0xE73C,0xCE79,0xFFFF,0xFFFF,0xFFFF,0xFFFF,0xFFFF,0xFFFF,0xFFFF,0xFFFF,
  0xFFFF,0xFFFF,0xFFFF,0xFFFF,0x4A69,0x0000,0x6B6D,0x73AE,0x7BEF,0x630C,
  0x630C,0x632C,0x738E,0x7BCF,0x73AE,0x6B4D,0x52AA,0x52AA,0x4A69,0x5AEB,
  0x52AA,0x632C,0x5AEB,0x528A,0x4228,0x4208,0x4228,0x4228,0x39E7,0x2965,
  0x31A6,0xA534,0x630C,0x0000,0x0000,0x0000,0x0000,0x0000,0x0841,0x2104,
  0x4A69,0x2124,0x0020,0x3186,0x52AA,0x0000,0x0000,0x3186,0x2965,0x2945,
  0x3186,
  0x0000,0x0020,0x0000,0x0000,0x1082,0x18C3,0x18E3,0x0000,0x0000,0x0000,
  0x0000,0x0000,0x0000,0x0000,0x0000,0x0000,0x0000,0x0000,0x0000,0x0000,
  0x0000,0x0000,0x0000,0x0000,0x0000,0x0000,0x0000,0x0000,0x0000,0xFFFF,
  0xFFFF,0xFFFF,0xFFFF,0xFFFF,0xFFFF,0xFFFF,0xFFFF,0xFFDF,0xF7BE,0xF79E,
  0xF79E,0xC638,0xFFFF,0xFFFF,0xFFFF,0xFFFF,0xFFFF,0xFFFF,0xFFFF,0xFFFF,
  0xFFFF,0xFFFF,0xFFFF,0xFFFF,0x0000,0x39E7,0x6B4D,0x5AEB,0x632C,0x632C,
  0x6B4D,0x738E,0x7BEF,0x7BCF,0x6B4D,0x5ACB,0x632C,0x6B4D,0x5ACB,0x4A69,
  0x52AA,0x528A,0x528A,0x630C,0x5ACB,0x528A,0x4A69,0x4A49,0x632C,0x4208,
  0x8410,0xA514,0x0000,0x0000,0x0000,0x0000,0x0000,0x0000,0x18C3,0x39C7,
  0x2945,0x0841,0x0020,0x2965,0x0000,0x0000,0x18E3,0x2945,0x2945,0x2104,
  0x2945,
  0x0000,0x0000,0x0000,0x0000,0x10A2,0x2124,0x0841,0x0000,0x0000,0x0000,
  0x0000,0x0000,0x0000,0x0000,0x0000,0x0000,0x0000,0x0000,0x0000,0x0000,
  0x0000,0x0000,0x0000,0x0000,0x0000,0x0020,0x0841,0x0000,0x4A69,0xFFFF,
  0xFFFF,0xFFFF,0xFFFF,0xFFFF,0xFFFF,0xFFFF,0xFFDF,0xFFDF,0xF7BE,0xF7BE,
  0xEF5D,0xC638,0xFFFF,0xFFFF,0xFFFF,0xFFFF,0xFFFF,0xFFFF,0xFFFF,0xFFFF,
  0xFFFF,0xFFFF,0xFFFF,0x39C7,0x0000,0x5ACB,0x630C,0x5ACB,0x630C,0x632C,
  0x7BCF,0x6B4D,0x5AEB,0x6B4D,0x6B6D,0x6B4D,0x6B4D,0x632C,0x5AEB,0x4A49,
  0x39E7,0x4A69,0x5AEB,0x6B4D,0x9492,0x8430,0x630C,0x5AEB,0x630C,0x738E,
  0xCE79,0x0000,0x0000,0x0020,0x0000,0x0000,0x0000,0x1082,0x2104,0x4A49,
  0x2965,0x10A2,0x0861,0x0000,0x0000,0x2124,0x3186,0x18E3,0x18C3,0x2124,
  0x2965,
  0x0000,0x0020,0x0000,0x0861,0x10A2,0x18E3,0x0000,0x0000,0x0000,0x0000,
  0x0000,0x0000,0x0000,0x0000,0x0000,0x0000,0x0000,0x0000,0x0000,0x0000,
  0x0000,0x0000,0x0000,0x0000,0x0000,0x0000,0x0000,0x0000,0xCE79,0xFFFF,
  0xFFFF,0xFFFF,0xFFFF,0xFFFF,0xFFFF,0xFFFF,0xFFDF,0xF7BE,0xFFDF,0xEF5D,
  0xEF7D,0xCE59,0xE73C,0xFFFF,0xFFFF,0xFFFF,0xFFFF,0xFFFF,0xFFFF,0xFFFF,
  0xFFFF,0xFFFF,0xFFFF,0x0000,0x4A49,0x6B4D,0x632C,0x632C,0x6B4D,0x5ACB,
  0x630C,0x632C,0x6B4D,0x738E,0x6B4D,0x73AE,0x6B4D,0x738E,0x528A,0x528A,
  0x73AE,0x8410,0x8430,0x4208,0x0000,0x2124,0x632C,0x8410,0x7BCF,0xCE59,
  0x18E3,0x0000,0x0020,0x0000,0x0000,0x0000,0x0000,0x10A2,0x31A6,0x39E7,
  0x3186,0x0020,0x0000,0x0000,0x1082,0x18E3,0x2104,0x2965,0x2104,0x2945,
  0x3186,
  0x0000,0x0841,0x0000,0x0841,0x18E3,0x18C3,0x0000,0x0000,0x0000,0x0000,
  0x0000,0x0000,0x0000,0x0000,0x0000,0x0000,0x0000,0x0000,0x0000,0x0000,
  0x0000,0x0000,0x0000,0x0000,0x0000,0x0020,0x0000,0x1082,0xFFFF,0xFFFF,
  0xFFFF,0xFFFF,0xFFFF,0xFFFF,0xFFFF,0xFFFF,0xFFFF,0xF7BE,0xF79E,0xF7BE,
  0xEF7D,0xEF5D,0xD6BA,0xFFFF,0xFFFF,0xFFFF,0xFFFF,0xFFFF,0xFFFF,0xFFFF,
  0xFFFF,0xFFFF,0x39E7,0x0000,0x5ACB,0x6B6D,0x632C,0x630C,0x6B6D,0x6B4D,
  0x6B4D,0x630C,0x7BCF,0x7BEF,0x7BEF,0x7BCF,0x6B6D,0x5ACB,0x39E7,0x4A49,
  0x39E7,0x0000,0x0000,0x0000,0x2965,0x528A,0x2965,0x10A2,0xAD75,0x52AA,
  0x0000,0x10A2,0x0000,0x0000,0x0000,0x0000,0x0841,0x10A2,0x39C7,0x4A49,
  0x10A2,0x0000,0x0000,0x0000,0x18E3,0x2124,0x18C3,0x2124,0x18E3,0x2104,
  0x2124,
  0x0000,0x0000,0x0000,0x0861,0x2104,0x0000,0x0000,0x0000,0x0000,0x0000,
  0x0000,0x0000,0x0000,0x0000,0x0000,0x0000,0x0000,0x0000,0x0000,0x0000,
  0x0000,0x0000,0x0000,0x0000,0x0000,0x0841,0x0000,0x632C,0xFFFF,0xFFFF,
  0xFFFF,0xFFFF,0xFFFF,0xFFFF,0xFFFF,0xFFFF,0xFFDF,0xF79E,0xF7BE,0xF79E,
  0xEF5D,0xF7BE,0xCE59,0xFFFF,0xFFFF,0xFFFF,0xFFFF,0xFFFF,0xFFFF,0xFFFF,
  0xFFFF,0xFFFF,0x0000,0x39E7,0x630C,0x632C,0x5AEB,0x630C,0x6B6D,0x630C,
  0x630C,0x6B6D,0x5ACB,0x4A49,0x528A,0x5ACB,0x632C,0x738E,0x10A2,0x0000,
  0x10A2,0x5ACB,0x9CD3,0xAD75,0x8430,0x6B6D,0x7BEF,0x9CF3,0x738E,0x0000,
  0x0861,0x10A2,0x0020,0x0000,0x0000,0x0000,0x1082,0x2965,0x4208,0x3186,
  0x0000,0x0000,0x0020,0x2945,0x2104,0x3186,0x2104,0x2104,0x1082,0x2104,
  0x2945,
  0x0000,0x0000,0x0000,0x1082,0x0841,0x0000,0x0000,0x0000,0x0000,0x0000,
  0x0000,0x0000,0x0000,0x0000,0x0000,0x0000,0x0000,0x0000,0x0000,0x0000,
  0x0000,0x0000,0x0000,0x0000,0x0000,0x0000,0x0000,0xE71C,0xFFFF,0xFFFF,
  0xFFFF,0xFFFF,0xFFFF,0xFFFF,0xFFFF,0xFFFF,0xF7BE,0xEF5D,0xFFDF,0xFFDF,
  0xEF7D,0xFFFF,0xDEDB,0xFFFF,0xFFFF,0xFFFF,0xFFFF,0xFFFF,0xFFFF,0xFFFF,
  0xFFFF,0x4228,0x0000,0x6B4D,0x5AEB,0x632C,0x632C,0x6B6D,0x6B4D,0x5AEB,
  0x738E,0x6B6D,0x6B6D,0x6B6D,0x6B6D,0x4A49,0x4208,0x18C3,0x0000,0x0000,
  0x5AEB,0x528A,0x4A49,0x0861,0x2104,0x738E,0x9CF3,0xA534,0x0000,0x0020,
  0x18E3,0x1082,0x0000,0x0000,0x0000,0x0020,0x18E3,0x31A6,0x4A49,0x0000,
  0x0000,0x0000,0x2124,0x2104,0x2104,0x18E3,0x18E3,0x2124,0x2104,0x2945,
  0x2945,
  0x0000,0x0000,0x0020,0x0861,0x0000,0x0000,0x0000,0x0000,0x0000,0x0000,
  0x0000,0x0000,0x0000,0x0000,0x0000,0x0000,0x0000,0x0000,0x0000,0x0000,
  0x0000,0x0000,0x0000,0x0000,0x0000,0x0000,0x1082,0xFFFF,0xFFFF,0xFFFF,
  0xFFFF,0xFFFF,0xFFFF,0xFFFF,0xFFFF,0xF7BE,0xDEFB,0xF79E,0xFFFF,0xF79E,
  0xEF7D,0xFFFF,0xE73C,0xCE59,0xFFFF,0xFFFF,0xFFFF,0xFFFF,0xFFFF,0xFFFF,
  0xFFFF,0x0000,0x2945,0x5ACB,0x6B4D,0x632C,0x5ACB,0x52AA,0x528A,0x528A,
  0x52AA,0x630C,0x6B6D,0x52AA,0x5AEB,0x52AA,0x52AA,0x6B6D,0x7BEF,0x31A6,
  0x0841,0x0020,0x1082,0x0000,0x0000,0x2124,0x8C71,0x0020,0x0000,0x18E3,
  0x18E3,0x10A2,0x0000,0x0000,0x0000,0x0861,0x18E3,0x31A6,0x4A49,0x0000,
  0x0000,0x0020,0x18E3,0x18E3,0x18C3,0x18E3,0x10A2,0x18C3,0x18E3,0x2104,
  0x2104,
  0x0000,0x0000,0x0861,0x0000,0x0000,0x0000,0x0000,0x0000,0x0000,0x0000,
  0x0000,0x0000,0x0000,0x0000,0x0000,0x0000,0x0000,0x0000,0x0000,0x0000,
  0x0000,0x0000,0x0000,0x0000,0x0000,0x0000,0x6B6D,0xFFFF,0xFFFF,0xFFFF,
  0xFFFF,0xFFFF,0xFFFF,0xFFFF,0xFFFF,0xF7BE,0xE73C,0xFFDF,0xFFFF,0xF7BE,
  0xEF7D,0xF79E,0xF79E,0xB5B6,0xFFFF,0xFFFF,0xFFFF,0xFFFF,0xFFFF,0xFFFF,
  0x632C,0x0000,0x52AA,0x528A,0x5ACB,0x6B4D,0x7BCF,0x6B6D,0x5AEB,0x52AA,
  0x630C,0x7BCF,0x6B6D,0x6B4D,0x632C,0x6B4D,0x6B4D,0x5ACB,0x528A,0x5ACB,
  0x738E,0x6B6D,0x8410,0x6B4D,0x0841,0x2124,0x39E7,0x0000,0x18E3,0x18E3,
  0x18E3,0x0841,0x0000,0x0000,0x0020,0x0861,0x2945,0x4A49,0x2945,0x0000,
  0x0000,0x18C3,0x18E3,0x18C3,0x18C3,0x18E3,0x18C3,0x2945,0x2124,0x10A2,
  0x18E3,
  0x0000,0x0000,0x0020,0x0000,0x0000,0x0000,0x0000,0x0000,0x0000,0x0000,
  0x0000,0x0000,0x0000,0x0000,0x0000,0x0000,0x0000,0x0000,0x0000,0x0000,
  0x0000,0x0000,0x0000,0x0000,0x0000,0x0841,0xE73C,0xFFFF,0xFFFF,0xFFFF,
  0xFFFF,0xFFFF,0xFFFF,0xFFFF,0xFFDF,0xEF7D,0xEF7D,0xF79E,0xFFDF,0xF7BE,
  0xFFDF,0xFFDF,0xFFFF,0xCE59,0xE73C,0xFFFF,0xFFFF,0xFFFF,0xFFFF,0xFFFF,
  0x0000,0x1082,0x528A,0x4A69,0x5AEB,0x4A49,0x4208,0x5ACB,0x5ACB,0x630C,
  0x630C,0x6B6D,0x5AEB,0x738E,0x6B6D,0x632C,0x5AEB,0x4228,0x4A69,0x39E7,
  0x31A6,0x528A,0x4A69,0x73AE,0x9CF3,0x8C71,0x0000,0x0861,0x2124,0x18E3,
  0x18C3,0x0841,0x0000,0x0000,0x10A2,0x2104,0x2124,0x528A,0x0020,0x0000,
  0x0861,0x18C3,0x18E3,0x1082,0x0841,0x18E3,0x2124,0x2104,0x18E3,0x18C3,
  0x18E3,
  0x0000,0x0020,0x0000,0x0000,0x0000,0x0000,0x0000,0x0000,0x0000,0x0000,
  0x0000,0x0000,0x0000,0x0000,0x0000,0x0000,0x0000,0x0000,0x0000,0x0000,
  0x0000,0x0000,0x0000,0x0000,0x0020,0x18C3,0xFFFF,0xFFFF,0xFFFF,0xFFFF,
  0xFFFF,0xFFFF,0xFFFF,0xFFDF,0xF79E,0xFFFF,0xF7BE,0xFFFF,0xFFFF,0xFFFF,
  0xEF5D,0xDEFB,0xFFDF,0xEF7D,0xB596,0xFFFF,0xFFFF,0xFFFF,0xFFFF,0x7BCF,
  0x0000,0x39C7,0x4A49,0x5ACB,0x528A,0x6B4D,0x52AA,0x4A69,0x4A49,0x39E7,
  0x52AA,0x528A,0x528A,0x5AEB,0x52AA,0x528A,0x4208,0x4A69,0x6B4D,0x6B4D,
  0x5ACB,0x738E,0x5AEB,0x4208,0x7BEF,0x0000,0x0000,0x2104,0x1082,0x18C3,
  0x10A2,0x0000,0x0000,0x0020,0x0841,0x2104,0x31A6,0x39E7,0x0000,0x0000,
  0x0861,0x0861,0x10A2,0x1082,0x18C3,0x18E3,0x18E3,0x18C3,0x18E3,0x1082,
  0x2104,
  0x0000,0x0000,0x0000,0x0000,0x0000,0x0000,0x0000,0x0000,0x0000,0x0000,
  0x0000,0x0000,0x0000,0x0000,0x0000,0x0000,0x0000,0x0000,0x0000,0x0000,
  0x0000,0x0000,0x0000,0x0020,0x0841,0x6B4D,0xFFFF,0xFFFF,0xFFFF,0xFFFF,
  0xFFFF,0xFFFF,0xFFDF,0xEF7D,0xFFDF,0xFFFF,0xFFFF,0xF7BE,0xFFDF,0xFFFF,
  0xEF5D,0xEF5D,0xF7BE,0xFFFF,0x73AE,0xDEFB,0xFFFF,0xFFFF,0xFFFF,0x0000,
  0x0020,0x39E7,0x39E7,0x528A,0x4A49,0x52AA,0x52AA,0x528A,0x528A,0x528A,
  0x5AEB,0x632C,0x6B4D,0x630C,0x632C,0x6B6D,0x632C,0x7BCF,0x528A,0x52AA,
  0x632C,0x632C,0x8410,0xAD75,0x2104,0x0000,0x18C3,0x1082,0x10A2,0x0861,
  0x10A2,0x0861,0x0000,0x0861,0x18E3,0x2945,0x4A69,0x2965,0x0000,0x0000,
  0x0020,0x0861,0x10A2,0x1082,0x18C3,0x2104,0x2104,0x10A2,0x18C3,0x18E3,
  0x2124,
  0x0000,0x0000,0x0000,0x0000,0x0000,0x0000,0x0000,0x0000,0x0000,0x0000,
  0x0000,0x0000,0x0000,0x0000,0x0000,0x0000,0x0000,0x0000,0x0000,0x0000,
  0x0000,0x0000,0x0000,0x18E3,0x0000,0xCE59,0xFFFF,0xFFFF,0xFFFF,0xFFFF,
  0xFFFF,0xFFFF,0xEF7D,0xFFDF,0xFFFF,0xFFFF,0xFFFF,0xEF5D,0xFFFF,0xFFFF,
  0xF79E,0xF79E,0xEF5D,0xFFDF,0xCE79,0x7BCF,0xFFFF,0xFFFF,0xBDD7,0x0000,
  0x4208,0x4208,0x52AA,0x5ACB,0x5AEB,0x4228,0x4A49,0x31A6,0x5ACB,0x52AA,
  0x4A69,0x5AEB,0x6B4D,0x632C,0x6B4D,0x6B4D,0x738E,0x6B6D,0x6B4D,0x5AEB,
  0x4228,0x31A6,0x9CD3,0x630C,0x0000,0x18C3,0x18C3,0x18E3,0x10A2,0x0841,
  0x10A2,0x10A2,0x0000,0x0020,0x18C3,0x2945,0x4208,0x0000,0x0000,0x0000,
  0x0020,0x0841,0x18C3,0x18E3,0x18C3,0x2104,0x10A2,0x1082,0x18E3,0x2945,
  0x2965,
  0x0000,0x0000,0x0000,0x0000,0x0000,0x0000,0x0000,0x0000,0x0000,0x0000,
  0x0000,0x0000,0x0000,0x0000,0x0000,0x0000,0x0000,0x0000,0x0000,0x0000,
  0x0000,0x0000,0x0841,0x0841,0x18C3,0xFFFF,0xFFFF,0xFFFF,0xFFFF,0xFFFF,
  0xFFFF,0xE73C,0xFFFF,0xFFFF,0xFFFF,0xFFFF,0xFFFF,0xF79E,0xFFFF,0xFFFF,
  0xFFDF,0xE73C,0xDEDB,0xBDD7,0xEF5D,0x4A69,0xFFFF,0xFFFF,0x0000,0x0000,
  0x3186,0x31A6,0x31A6,0x4208,0x4208,0x39E7,0x31A6,0x39E7,0x4228,0x4208,
  0x632C,0x5AEB,0x4A69,0x5AEB,0x632C,0x632C,0x6B6D,0x632C,0x73AE,0x630C,
  0x6B6D,0x8430,0x7BCF,0x0000,0x0861,0x0841,0x0861,0x10A2,0x2104,0x10A2,
  0x18C3,0x0841,0x0861,0x18E3,0x2104,0x2104,0x39C7,0x0000,0x0000,0x0020,
  0x0020,0x0861,0x18E3,0x18E3,0x18C3,0x18C3,0x18C3,0x10A2,0x2124,0x4208,
  0x10A2,
  0x0000,0x0000,0x0000,0x0000,0x0000,0x0000,0x0000,0x0000,0x0000,0x0000,
  0x0000,0x0000,0x0000,0x0000,0x0000,0x0000,0x0000,0x0000,0x0000,0x0000,
  0x0000,0x0000,0x0020,0x0861,0x4228,0xFFFF,0xFFFF,0xFFFF,0xFFFF,0xFFFF,
  0xEF5D,0xFFDF,0xFFFF,0xFFFF,0xFFFF,0xFFFF,0xFFFF,0xE71C,0xFFFF,0xDEFB,
  0xFFFF,0xDEDB,0xFFFF,0xEF5D,0xB596,0x73AE,0xFFFF,0xFFFF,0x0000,0x2104,
  0x3186,0x4228,0x31A6,0x4A49,0x4208,0x528A,0x39E7,0x4228,0x528A,0x39E7,
  0x39C7,0x4A49,0x528A,0x52AA,0x630C,0x6B4D,0x630C,0x738E,0x7BCF,0x738E,
  0xA534,0xB596,0x0000,0x0000,0x18E3,0x18C3,0x1082,0x18C3,0x18E3,0x10A2,
  0x10A2,0x0841,0x1082,0x2945,0x2965,0x2965,0x31A6,0x0000,0x0000,0x0000,
  0x0000,0x18C3,0x2945,0x10A2,0x10A2,0x18C3,0x2104,0x2124,0x31A6,0x0020,
  0x0000,
  0x0000,0x0000,0x0000,0x0000,0x0000,0x0000,0x0000,0x0000,0x0000,0x0000,
  0x0000,0x0000,0x0000,0x0000,0x0000,0x0000,0x0000,0x0000,0x0000,0x0000,
  0x0000,0x0000,0x10A2,0x1082,0x9CD3,0xFFFF,0xFFFF,0xFFFF,0xEF5D,0xEF7D,
  0xFFFF,0xFFFF,0xFFFF,0xFFFF,0xFFFF,0xEF5D,0xE71C,0xE71C,0xFFFF,0xDEFB,
  0xF7BE,0xBDF7,0xFFFF,0x73AE,0xFFFF,0xBDF7,0xC618,0x2945,0x0000,0x2945,
  0x2965,0x4A69,0x39E7,0x4228,0x39C7,0x2965,0x2124,0x2124,0x2945,0x2945,
  0x4208,0x39E7,0x4A49,0x4208,0x4A49,0x528A,0x52AA,0x4A69,0x4A69,0x5AEB,
  0x9CF3,0x0000,0x0000,0x18E3,0x1082,0x18C3,0x18E3,0x18E3,0x18C3,0x18E3,
  0x2104,0x2104,0x18C3,0x2124,0x2945,0x2104,0x2965,0x0000,0x0000,0x0000,
  0x0861,0x10A2,0x2945,0x18E3,0x10A2,0x18E3,0x2945,0x3186,0x0000,0x0000,
  0x18C3,
  0x0000,0x0000,0x0000,0x0000,0x0000,0x0000,0x0000,0x0000,0x0000,0x0000,
  0x0000,0x0000,0x0000,0x0000,0x0000,0x0000,0x0000,0x0000,0x0000,0x0000,
  0x0000,0x0000,0x18C3,0x1082,0xFFFF,0xFFFF,0xFFFF,0xF7BE,0xCE59,0xFFFF,
  0xFFFF,0xFFFF,0xFFDF,0xCE59,0xFFFF,0xEF5D,0xDEFB,0xFFFF,0xCE79,0xFFFF,
  0xA534,0xFFFF,0x630C,0xC618,0xCE59,0xEF5D,0xA514,0x0000,0x0861,0x2124,
  0x3186,0x31A6,0x39E7,0x4208,0x31A6,0x2965,0x2124,0x3186,0x2945,0x18E3,
  0x2124,0x2945,0x3186,0x39E7,0x4228,0x39C7,0x39C7,0x4208,0x4228,0x6B4D,
  0x0841,0x0000,0x10A2,0x18C3,0x18C3,0x0861,0x0861,0x18E3,0x10A2,0x1082,
  0x2104,0x18C3,0x18E3,0x2124,0x2124,0x2965,0x18C3,0x0000,0x0000,0x0000,
  0x18E3,0x2104,0x18C3,0x10A2,0x10A2,0x2965,0x39C7,0x0000,0x0000,0x2124,
  0x2965,
  0x0000,0x0000,0x0000,0x0000,0x0000,0x0000,0x0000,0x0000,0x0000,0x0000,
  0x0000,0x0000,0x0000,0x0000,0x0000,0x0000,0x0000,0x0000,0x0000,0x0000,
  0x0000,0x0861,0x2945,0x1082,0xFFFF,0xFFFF,0xFFFF,0xEF5D,0xFFFF,0xFFFF,
  0xFFFF,0xEF5D,0xEF5D,0xBDD7,0xFFFF,0xFFFF,0xC638,0xE73C,0xDEFB,0xE71C,
  0x7BCF,0xD69A,0x94B2,0xFFDF,0x2965,0xFFFF,0x5ACB,0x0000,0x2124,0x2945,
  0x39E7,0x31A6,0x39C7,0x39C7,0x2945,0x31A6,0x2945,0x2965,0x2945,0x2124,
  0x2124,0x18E3,0x1082,0x2104,0x2945,0x3186,0x2945,0x18E3,0x4228,0x2124,
  0x0000,0x18E3,0x10A2,0x18C3,0x18C3,0x18E3,0x10A2,0x2104,0x2104,0x2104,
  0x2124,0x18C3,0x2104,0x2124,0x18E3,0x4228,0x0841,0x0000,0x0000,0x0861,
  0x10A2,0x18C3,0x18E3,0x18C3,0x2945,0x2965,0x0000,0x0000,0x2104,0x4208,
  0x2945,
  0x0000,0x0000,0x0000,0x0000,0x0000,0x0000,0x0000,0x0000,0x0000,0x0000,
  0x0000,0x0000,0x0000,0x0000,0x0000,0x0000,0x0000,0x0000,0x0000,0x0000,
  0x0000,0x0861,0x2945,0x6B4D,0xFFFF,0xFFFF,0xFFFF,0xF7BE,0xFFFF,0xFFFF,
  0xFFFF,0x5AEB,0xDEFB,0xFFFF,0xE71C,0xFFFF,0xA534,0xFFFF,0xBDD7,0x5ACB,
  0xF79E,0x6B4D,0xE73C,0x528A,0xFFFF,0xDEDB,0x0000,0x0000,0x18C3,0x2124,
  0x4208,0x39E7,0x39C7,0x2965,0x2945,0x2965,0x2104,0x2104,0x18E3,0x10A2,
  0x2965,0x18C3,0x1082,0x0861,0x10A2,0x1082,0x2104,0x2945,0x0000,0x0000,
  0x0861,0x1082,0x10A2,0x1082,0x1082,0x18C3,0x18C3,0x2124,0x18C3,0x18E3,
  0x2104,0x18C3,0x18E3,0x2104,0x18E3,0x2945,0x0000,0x0000,0x0000,0x1082,
  0x10A2,0x18E3,0x2104,0x2965,0x2945,0x0000,0x0000,0x2124,0x2945,0x2124,
  0x18C3,
  0x0000,0x0000,0x0000,0x0000,0x0000,0x0000,0x0000,0x0000,0x0000,0x0000,
  0x0000,0x0000,0x0000,0x0000,0x0000,0x0000,0x0000,0x0000,0x0000,0x0000,
  0x0020,0x3186,0x0841,0xBDF7,0xFFFF,0xFFFF,0xFFDF,0xFFFF,0xFFFF,0x8C71,
  0xD69A,0xFFFF,0x2104,0x8C51,0xD6BA,0xAD75,0x9492,0xFFFF,0x738E,0xBDD7,
  0xC618,0x94B2,0x6B6D,0xF79E,0xAD75,0x2945,0x0000,0x18C3,0x2104,0x31A6,
  0x2965,0x3186,0x39E7,0x2104,0x10A2,0x2945,0x18E3,0x18E3,0x18E3,0x10A2,
  0x10A2,0x10A2,0x2104,0x2104,0x0861,0x0861,0x0000,0x0000,0x2124,0x0000,
  0x0000,0x2124,0x18C3,0x10A2,0x18C3,0x10A2,0x2104,0x18E3,0x18C3,0x18C3,
  0x10A2,0x18E3,0x18E3,0x18E3,0x18E3,0x2965,0x0000,0x0000,0x0020,0x18C3,
  0x1082,0x10A2,0x3186,0x18C3,0x0000,0x0000,0x2104,0x2945,0x2965,0x18C3,
  0x18E3,
  0x0000,0x0000,0x0000,0x0000,0x0000,0x0000,0x0000,0x0000,0x0000,0x0000,
  0x0000,0x0000,0x0000,0x0000,0x0000,0x0000,0x0000,0x0000,0x0000,0x0020,
  0x0020,0x31A6,0x0000,0xFFFF,0xFFFF,0xFFFF,0xFFFF,0xFFFF,0xFFFF,0xEF7D,
  0xC638,0xEF5D,0xFFFF,0xE73C,0xC638,0xF79E,0xFFDF,0xA534,0xB5B6,0xAD75,
  0x6B6D,0x52AA,0xC618,0xAD55,0xFFFF,0x0000,0x0000,0x10A2,0x18E3,0x3186,
  0x31A6,0x3186,0x2965,0x2124,0x3186,0x2965,0x2104,0x2124,0x2124,0x2124,
  0x18E3,0x1082,0x18E3,0x10A2,0x18E3,0x0000,0x0000,0xFFFF,0xFFFF,0xD6BA,
  0x0000,0x0000,0x1082,0x10A2,0x10A2,0x18E3,0x2104,0x2104,0x18E3,0x18E3,
  0x18C3,0x2104,0x2104,0x18E3,0x2104,0x18E3,0x0000,0x0000,0x1082,0x10A2,
  0x0841,0x2124,0x10A2,0x0000,0x0000,0x2965,0x18E3,0x2104,0x2124,0x2104,
  0x2965,
  0x0000,0x0000,0x0000,0x0000,0x0000,0x0000,0x0000,0x0000,0x0000,0x0000,
  0x0000,0x0000,0x0000,0x0000,0x0000,0x0000,0x0000,0x0000,0x0000,0x1082,
  0x2104,0x39E7,0x2124,0xFFFF,0xFFFF,0xFFFF,0xFFDF,0xFFDF,0x52AA,0x73AE,
  0xF79E,0xF79E,0xDEFB,0xFFFF,0xE73C,0x39C7,0x2124,0x5ACB,0x39C7,0x8430,
  0x73AE,0x8430,0xC638,0xFFFF,0x738E,0x0000,0x0841,0x18E3,0x2124,0x2124,
  0x2965,0x2965,0x2965,0x3186,0x3186,0x3186,0x2945,0x2945,0x2104,0x18C3,
  0x18C3,0x18C3,0x18C3,0x0841,0x10A2,0x0000,0xFFFF,0xFFFF,0xFFFF,0xFFFF,
  0xFFFF,0x2104,0x0000,0x0000,0x2104,0x2104,0x2104,0x10A2,0x0861,0x18E3,
  0x18C3,0x18C3,0x18E3,0x2124,0x2965,0x0841,0x0000,0x0000,0x0861,0x0020,
  0x1082,0x0000,0x0000,0x0000,0x10A2,0x18C3,0x18C3,0x18C3,0x2945,0x2945,
  0x2965,
  0x0000,0x0000,0x0000,0x0000,0x0000,0x0000,0x0000,0x0000,0x0000,0x0000,
  0x0000,0x0000,0x0000,0x0000,0x0000,0x0000,0x0000,0x0000,0x0020,0x10A2,
  0x39C7,0x0020,0x6B4D,0xFFFF,0xFFFF,0xFFFF,0xFFFF,0xFFFF,0xFFFF,0xFFFF,
  0x5AEB,0x4A49,0xC618,0x8410,0x0000,0x7BEF,0xDEFB,0xEF7D,0xCE79,0x0000,
  0x39C7,0xB596,0x73AE,0xD6BA,0x2124,0x0000,0x0861,0x18E3,0x2965,0x2945,
  0x2965,0x31A6,0x2104,0x18C3,0x2104,0x2104,0x2124,0x3186,0x2124,0x2104,
  0x2965,0x2945,0x2945,0x2104,0x0000,0x0000,0xFFFF,0xFFFF,0xFFFF,0xFFFF,
  0xFFFF,0xFFFF,0xBDD7,0x0000,0x0000,0x2104,0x18C3,0x18C3,0x18E3,0x18E3,
  0x18E3,0x18C3,0x2104,0x18E3,0x3186,0x0000,0x0000,0x0020,0x0841,0x0020,
  0x0000,0x0000,0x0020,0x18C3,0x2124,0x2104,0x0861,0x10A2,0x18C3,0x18E3,
  0x2945,
  0x0000,0x0000,0x0000,0x0000,0x0000,0x0000,0x0000,0x0000,0x0000,0x0000,
  0x0000,0x0000,0x0000,0x0000,0x0000,0x0000,0x0000,0x0000,0x1082,0x18C3,
  0x4A69,0x0000,0xB596,0xFFFF,0xFFFF,0xFFFF,0xF7BE,0x6B6D,0x39E7,0x73AE,
  0xB5B6,0xBDD7,0x39C7,0x4A49,0xCE79,0xFFFF,0x9492,0x0000,0x632C,0xB5B6,
  0x0000,0x52AA,0xAD55,0xEF7D,0x0000,0x0000,0x0861,0x18E3,0x2965,0x31A6,
  0x18E3,0x3186,0x3186,0x31A6,0x4208,0x2945,0x2945,0x2965,0x2945,0x2104,
  0x2124,0x2104,0x1082,0x0000,0x0000,0xFFFF,0xFFFF,0xFFFF,0xFFFF,0xFFFF,
  0xFFFF,0xFFFF,0xFFFF,0xFFFF,0x0000,0x0000,0x10A2,0x1082,0x0861,0x10A2,
  0x10A2,0x18C3,0x18E3,0x2124,0x2124,0x0000,0x0000,0x1082,0x0000,0x0000,
  0x0000,0x0020,0x2104,0x0861,0x18E3,0x1082,0x0841,0x0020,0x0861,0x0020,
  0x18E3,
  0x0000,0x0000,0x0000,0x0000,0x0000,0x0000,0x0000,0x0000,0x0000,0x0000,
  0x0000,0x0000,0x0000,0x0020,0x0000,0x0000,0x0000,0x0000,0x0861,0x2104,
  0x4208,0x0000,0xFFFF,0xFFFF,0xFFFF,0xFFFF,0xFFFF,0xFFFF,0xFFFF,0xA534,
  0x9CD3,0xA514,0x4228,0xC638,0x2104,0xC618,0x73AE,0x6B4D,0xDEDB,0xC618,
  0x0000,0x8410,0xFFFF,0x632C,0x0000,0x0020,0x10A2,0x2104,0x2104,0x31A6,
  0x39C7,0x31A6,0x39C7,0x2945,0x31A6,0x4228,0x3186,0x39E7,0x39C7,0x39C7,
  0x2965,0x0861,0x0000,0x0000,0xBDD7,0xFFFF,0xFFFF,0xFFFF,0xFFFF,0xFFFF,
  0xFFFF,0xFFFF,0xFFFF,0xFFFF,0xFFFF,0x39E7,0x0000,0x0000,0x2104,0x0861,
  0x18E3,0x2124,0x2945,0x2124,0x2124,0x0000,0x10A2,0x0841,0x0000,0x0000,
  0x0000,0x18C3,0x10A2,0x10A2,0x10A2,0x0861,0x10A2,0x18C3,0x18C3,0x18E3,
  0x18C3,
  0x0000,0x0000,0x0000,0x0000,0x0000,0x0000,0x0000,0x0000,0x0000,0x0000,
  0x0020,0x0000,0x0000,0x0000,0x0000,0x0000,0x0000,0x0861,0x10A2,0x39C7,
  0x2124,0x18E3,0xFFFF,0xFFFF,0xFFFF,0xFFFF,0x73AE,0x4A69,0x8430,0xAD75,
  0x8430,0x2124,0x8410,0x2945,0x0000,0xC618,0xAD75,0xFFFF,0xD6BA,0xC618,
  0x0020,0x31A6,0xE73C,0x0000,0x0000,0x0861,0x1082,0x18E3,0x2124,0x3186,
  0x4208,0x3186,0x39E7,0x4A69,0x4A49,0x4228,0x4A69,0x4208,0x3186,0x4A69,
  0x630C,0x5ACB,0x0000,0x0841,0xFFFF,0xFFFF,0xFFFF,0xFFFF,0xFFFF,0xFFFF,
  0xFFFF,0xFFFF,0xFFFF,0xFFFF,0xFFFF,0xFFFF,0xCE79,0x0000,0x0000,0x2104,
  0x18E3,0x18C3,0x2124,0x3186,0x2945,0x0000,0x0020,0x0000,0x0000,0x0000,
  0x18C3,0x18E3,0x18C3,0x10A2,0x10A2,0x18C3,0x1082,0x1082,0x18E3,0x2104,
  0x18C3,
  0x0000,0x0000,0x0000,0x0000,0x0000,0x0000,0x0000,0x1082,0x0020,0x0861,
  0x0000,0x0000,0x0000,0x0020,0x0000,0x0000,0x0020,0x0861,0x2104,0x4A69,
  0x0000,0x630C,0xFFFF,0xFFFF,0xFFFF,0xFFFF,0xFFFF,0xFFFF,0xD6BA,0xBDF7,
  0xC638,0x738E,0x52AA,0xFFFF,0x9CF3,0x7BCF,0xDEFB,0x2945,0xCE59,0x9CD3,
  0x1082,0xDEDB,0xCE59,0x0000,0x0000,0x0861,0x18E3,0x2104,0x2124,0x3186,
  0x4208,0x5AEB,0x52AA,0x5ACB,0x632C,0x5ACB,0x630C,0x632C,0x4A69,0x528A,
  0x630C,0x7BEF,0x0000,0xFFFF,0xFFFF,0xFFFF,0xFFFF,0xFFFF,0xFFFF,0xFFFF,
  0xFFFF,0xFFFF,0xFFFF,0xFFFF,0xFFFF,0xFFFF,0xFFFF,0xFFFF,0x0000,0x0000,
  0x0000,0x18E3,0x2104,0x2965,0x0841,0x0000,0x0000,0x0000,0x0841,0x0000,
  0x1082,0x18C3,0x18C3,0x0841,0x10A2,0x18C3,0x2104,0x18E3,0x18E3,0x18C3,
  0x2104,
  0x0000,0x0000,0x0000,0x0000,0x0000,0x0000,0x0861,0x0841,0x0841,0x0841,
  0x0861,0x0861,0x0861,0x1082,0x0000,0x0000,0x0841,0x18C3,0x3186,0x5AEB,
  0x0000,0xC638,0xFFFF,0xD6BA,0xD6BA,0xDEFB,0x528A,0x528A,0x9CF3,0x8410,
  0x8C71,0x5ACB,0x8430,0xFFFF,0xFFFF,0x632C,0x0000,0x4208,0xAD55,0x0000,
  0x3186,0xFFFF,0x2945,0x0000,0x0020,0x1082,0x18E3,0x18C3,0x2104,0x2945,
  0x2945,0x4208,0x528A,0x528A,0x6B6D,0x73AE,0x630C,0x6B6D,0x738E,0x738E,
  0x7BCF,0x0000,0x630C,0xFFFF,0xFFFF,0xFFFF,0xFFFF,0xFFFF,0xFFFF,0xFFFF,
  0xFFFF,0xFFFF,0xFFFF,0xFFFF,0xFFFF,0xFFFF,0xFFFF,0xFFFF,0xFFFF,0xB596,
  0x0000,0x0000,0x18C3,0x2965,0x0000,0x0000,0x0000,0x0000,0x1082,0x1082,
  0x1082,0x18C3,0x1082,0x0841,0x18C3,0x18E3,0x1082,0x0861,0x0861,0x18C3,
  0x18E3,
  0x0000,0x0000,0x1082,0x18E3,0x18E3,0x18E3,0x18E3,0x10A2,0x10A2,0x2945,
  0x18E3,0x0841,0x0861,0x0861,0x0000,0x0000,0x1082,0x2124,0x31A6,0x52AA,
  0x0000,0xFFFF,0xFFFF,0xE73C,0xFFFF,0xF79E,0xFFFF,0xFFFF,0xBDD7,0xBDF7,
  0xA514,0x7BCF,0x5AEB,0xFFFF,0xFFFF,0x9CF3,0xD69A,0xCE59,0x2965,0x4228,
  0x7BEF,0xEF5D,0x0000,0x0000,0x0841,0x0861,0x18E3,0x0841,0x1082,0x2124,
  0x2965,0x39E7,0x4228,0x5ACB,0x5AEB,0x7BCF,0x5AEB,0x6B6D,0x738E,0x6B4D,
  0x0841,0x39E7,0xFFFF,0xFFFF,0xFFFF,0xFFFF,0xFFFF,0xFFFF,0xFFFF,0xFFFF,
  0xFFFF,0xFFFF,0xFFFF,0xFFFF,0xFFFF,0xFFFF,0xFFFF,0xFFFF,0xFFFF,0xFFFF,
  0xFFFF,0x0000,0x0000,0x31A6,0x0000,0x0000,0x0000,0x0000,0x1082,0x1082,
  0x18C3,0x0861,0x18C3,0x18C3,0x10A2,0x1082,0x0020,0x0861,0x18C3,0x2124,
  0x2124,
  0x0000,0x0000,0x18C3,0x2965,0x2945,0x2945,0x2965,0x18C3,0x18E3,0x18E3,
  0x18E3,0x1082,0x0861,0x0020,0x0020,0x0000,0x18C3,0x18E3,0x528A,0x39E7,
  0x0020,0xFFFF,0xFFFF,0xDEFB,0xFFFF,0xFFFF,0x8C71,0x8C51,0xB596,0xCE79,
  0x4228,0x630C,0x73AE,0x5ACB,0xA534,0xF7BE,0xA514,0x5AEB,0x0000,0x8430,
  0xAD75,0x73AE,0x0000,0x0000,0x0020,0x10A2,0x10A2,0x1082,0x10A2,0x1082,
  0x0841,0x39C7,0x630C,0x632C,0x738E,0x5ACB,0x6B6D,0x7BCF,0x8430,0x10A2,
  0x31A6,0xFFFF,0xFFFF,0xFFFF,0xFFFF,0xFFFF,0xFFFF,0xFFFF,0xFFFF,0xFFFF,
  0xFFFF,0xFFFF,0xFFFF,0xFFFF,0xFFFF,0xFFFF,0xFFFF,0xFFFF,0xFFFF,0xFFFF,
  0xFFFF,0xFFFF,0x18E3,0x2965,0x0000,0x0000,0x0000,0x0861,0x18C3,0x18C3,
  0x10A2,0x18E3,0x18C3,0x1082,0x0861,0x0861,0x1082,0x1082,0x18C3,0x2124,
  0x2124,
  0x0000,0x0000,0x2945,0x2945,0x2124,0x10A2,0x18C3,0x0020,0x10A2,0x0861,
  0x0841,0x1082,0x0861,0x0020,0x0861,0x1082,0x10A2,0x2945,0x6B6D,0x0861,
  0x2945,0xFFFF,0xFFFF,0xF79E,0xFFFF,0xFFFF,0xFFFF,0xD6BA,0x8C71,0x9492,
  0xBDF7,0xBDD7,0x630C,0x2104,0x3186,0x18C3,0x0000,0x4208,0x73AE,0x3186,
  0xFFFF,0x738E,0x0000,0x0861,0x0000,0x0861,0x0861,0x0861,0x1082,0x1082,
  0x10A2,0x2104,0x39E7,0x632C,0x630C,0x5AEB,0x5AEB,0x8410,0x39E7,0x2945,
  0xFFFF,0xFFFF,0xFFFF,0xFFFF,0xFFFF,0xFFFF,0xFFFF,0xFFFF,0xFFFF,0xFFFF,
  0xFFFF,0xFFFF,0xFFFF,0xFFFF,0xFFFF,0xFFFF,0xFFFF,0xFFFF,0xA514,0x2945,
  0x0000,0x0000,0x2104,0x0000,0x0000,0x0000,0x0000,0x0861,0x18C3,0x1082,
  0x0020,0x1082,0x0841,0x0020,0x0841,0x1082,0x0861,0x18E3,0x2945,0x2104,
  0x18E3,
  0x0000,0x0000,0x3186,0x18E3,0x10A2,0x18E3,0x0861,0x18E3,0x18E3,0x18C3,
  0x1082,0x0861,0x0841,0x0000,0x0861,0x0841,0x2104,0x39E7,0x6B4D,0x0000,
  0x9492,0xFFFF,0xFFFF,0xFFFF,0xFFFF,0xFFDF,0x632C,0xBDD7,0xEF5D,0xF79E,
  0xFFFF,0x73AE,0xEF7D,0xEF5D,0xC638,0xD69A,0x7BEF,0xAD55,0xAD75,0x94B2,
  0x8C71,0x2104,0x0000,0x0020,0x0020,0x0020,0x0020,0x0861,0x0841,0x0841,
  0x0841,0x1082,0x2945,0x39C7,0x4228,0x4A49,0x630C,0x39C7,0x0000,0xFFFF,
  0xFFFF,0xFFFF,0xFFFF,0xFFFF,0xFFFF,0xFFFF,0xFFFF,0xFFFF,0xFFFF,0xFFFF,
  0xFFFF,0xFFFF,0xFFFF,0x8C51,0x2104,0x0000,0x0000,0x0000,0x0000,0x0000,
  0x0000,0x2124,0x2965,0x0000,0x0000,0x0000,0x0020,0x10A2,0x18C3,0x18C3,
  0x1082,0x10A2,0x10A2,0x0000,0x0861,0x18C3,0x18C3,0x18E3,0x2104,0x18E3,
  0x2104,
  0x0000,0x0000,0x2965,0x2945,0x18C3,0x10A2,0x18C3,0x0861,0x18C3,0x18C3,
  0x10A2,0x0841,0x0861,0x0861,0x0020,0x0841,0x3186,0x4A49,0x6B4D,0x0000,
  0xBDD7,0xFFFF,0xFFFF,0xFFFF,0xFFFF,0xFFFF,0xFFFF,0xF7BE,0xBDD7,0xDEDB,
  0x9CD3,0xD6BA,0xE73C,0x8C71,0x94B2,0xE73C,0x528A,0x9CD3,0xE73C,0x8430,
  0xFFFF,0x0000,0x0000,0x0000,0x0861,0x0841,0x0020,0x0000,0x0020,0x0841,
  0x0861,0x0020,0x0020,0x2124,0x31A6,0x632C,0x5AEB,0x0000,0x73AE,0xFFFF,
  0xFFFF,0xFFFF,0xFFFF,0xFFFF,0xFFFF,0xFFFF,0xFFFF,0xEF5D,0x9CD3,0x2965,
  0x0000,0x0000,0x0000,0x0000,0x0000,0x0000,0x1082,0x2104,0x18C3,0x2124,
  0x2104,0x2965,0x2104,0x0000,0x0000,0x0000,0x18C3,0x10A2,0x1082,0x0861,
  0x0020,0x0861,0x0020,0x0000,0x1082,0x18C3,0x10A2,0x10A2,0x1082,0x18E3,
  0x2124,
  0x0000,0x0000,0x31A6,0x2104,0x10A2,0x10A2,0x0841,0x1082,0x1082,0x0841,
  0x10A2,0x0000,0x0000,0x0861,0x18C3,0x18E3,0x3186,0x5AEB,0x52AA,0x0000,
  0xE73C,0xFFFF,0xFFFF,0xFFFF,0xFFFF,0xFFFF,0xD6BA,0xC638,0xFFFF,0x8410,
  0xE71C,0x9CD3,0xC638,0x8410,0xA534,0xA514,0x8430,0x5AEB,0xFFFF,0x6B4D,
  0x8C51,0x0000,0x0020,0x0000,0x0000,0x0020,0x0000,0x0000,0x0000,0x0000,
  0x0020,0x0020,0x0841,0x0861,0x0000,0x18C3,0x0861,0x9CF3,0xFFFF,0xFFFF,
  0xFFFF,0xFFFF,0xD6BA,0x630C,0x0020,0x0000,0x0000,0x0000,0x0000,0x0000,
  0x0000,0x0841,0x18C3,0x2124,0x2124,0x18C3,0x10A2,0x1082,0x18E3,0x1082,
  0x0861,0x2945,0x0841,0x0000,0x0000,0x0020,0x0861,0x1082,0x1082,0x0861,
  0x0000,0x0000,0x0000,0x0861,0x18C3,0x18E3,0x18C3,0x18C3,0x10A2,0x18C3,
  0x18E3,
  0x0000,0x0000,0x10A2,0x18C3,0x1082,0x1082,0x10A2,0x10A2,0x1082,0x0861,
  0x0841,0x10A2,0x1082,0x0841,0x0841,0x2104,0x2965,0x632C,0x2945,0x0000,
  0xFFFF,0xFFFF,0xFFFF,0xFFFF,0xFFFF,0xFFFF,0xF79E,0xFFFF,0x738E,0xF79E,
  0xA534,0xFFFF,0x5AEB,0xDEFB,0x8430,0xB596,0xBDD7,0xAD55,0xEF5D,0xFFFF,
  0x0000,0x0000,0x0020,0x0841,0x0020,0x0000,0x0000,0x0020,0x0020,0x0000,
  0x0000,0x0000,0x0020,0x0000,0x1082,0x2965,0x0000,0x39C7,0x4A69,0x0000,
  0x0000,0x0000,0x0000,0x0000,0x0000,0x0000,0x0861,0x10A2,0x18C3,0x10A2,
  0x2104,0x18C3,0x18C3,0x1082,0x1082,0x0861,0x2104,0x10A2,0x0020,0x10A2,
  0x0861,0x2124,0x0000,0x0000,0x0000,0x0841,0x1082,0x0861,0x1082,0x0000,
  0x0000,0x0000,0x0861,0x10A2,0x18E3,0x18E3,0x0861,0x10A2,0x18C3,0x18C3,
  0x18E3,
  0x0000,0x0000,0x2124,0x2965,0x18E3,0x18C3,0x18E3,0x18C3,0x10A2,0x1082,
  0x1082,0x0020,0x1082,0x10A2,0x10A2,0x3186,0x4A69,0x8430,0x0000,0x39C7,
  0xFFFF,0xFFFF,0xFFFF,0xFFFF,0xFFFF,0xFFFF,0xFFFF,0xEF5D,0xD6BA,0xC618,
  0xF79E,0xCE79,0x7BEF,0xDEDB,0x7BEF,0xB596,0xBDD7,0x9CF3,0xFFDF,0xFFFF,
  0x0000,0x0000,0x0020,0x0000,0x0020,0x0841,0x0020,0x0020,0x0841,0x0020,
  0x0020,0x0000,0x0000,0x0000,0x1082,0x0000,0x0000,0x0000,0x0000,0x0000,
  0x0000,0x0861,0x1082,0x18C3,0x18E3,0x1082,0x10A2,0x1082,0x10A2,0x10A2,
  0x18C3,0x1082,0x10A2,0x18C3,0x10A2,0x18C3,0x0861,0x1082,0x0841,0x0861,
  0x10A2,0x18E3,0x0000,0x0000,0x0000,0x0000,0x0000,0x0841,0x0000,0x0000,
  0x0000,0x0020,0x0861,0x1082,0x18E3,0x18C3,0x18C3,0x18E3,0x10A2,0x2124,
  0x18C3,
  0x0000,0x0000,0x2104,0x3186,0x2124,0x18C3,0x1082,0x0020,0x1082,0x0841,
  0x18C3,0x1082,0x0841,0x0020,0x10A2,0x3186,0x39E7,0x7BCF,0x0000,0x8430,
  0xFFFF,0xFFFF,0xFFFF,0xFFFF,0xFFFF,0xFFFF,0xFFFF,0xEF7D,0xFFFF,0xB596,
  0xFFFF,0x8430,0xEF5D,0x8C51,0xD6BA,0x94B2,0xC638,0xD69A,0xDEFB,0xA514,
  0x0000,0x0020,0x0000,0x0841,0x1082,0x0000,0x0841,0x0861,0x0020,0x0020,
  0x0020,0x1082,0x0020,0x0841,0x10A2,0x0000,0x0000,0x0020,0x0000,0x0000,
  0x1082,0x10A2,0x0861,0x10A2,0x0861,0x1082,0x10A2,0x10A2,0x10A2,0x10A2,
  0x10A2,0x0861,0x1082,0x1082,0x1082,0x1082,0x0841,0x1082,0x0841,0x1082,
  0x2104,0x10A2,0x0000,0x0000,0x0000,0x0020,0x2965,0x10A2,0x0000,0x0000,
  0x0000,0x10A2,0x1082,0x10A2,0x10A2,0x18C3,0x1082,0x18C3,0x0861,0x10A2,
  0x18C3,
  0x0000,0x0000,0x10A2,0x2104,0x1082,0x0861,0x18E3,0x10A2,0x18C3,0x18E3,
  0x18C3,0x0020,0x0020,0x18C3,0x18E3,0x39C7,0x52AA,0x528A,0x0000,0xB5B6,
  0xFFFF,0xFFFF,0xFFFF,0xFFFF,0xFFFF,0xFFFF,0xFFFF,0xEF7D,0xE73C,0xFFFF,
  0xF79E,0xCE59,0xFFFF,0xB5B6,0xF79E,0xA514,0xC638,0xFFFF,0xFFFF,0x0841,
  0x0000,0x0841,0x0020,0x0841,0x0841,0x0020,0x0020,0x0020,0x0861,0x0020,
  0x1082,0x0020,0x0861,0x10A2,0x0000,0x0000,0x0000,0x0000,0x0000,0x0000,
  0x10A2,0x0841,0x0861,0x0841,0x0861,0x10A2,0x0841,0x1082,0x0841,0x0841,
  0x0841,0x0841,0x1082,0x0020,0x0841,0x0841,0x1082,0x1082,0x0861,0x18C3,
  0x2945,0x0000,0x0000,0x0000,0x0020,0x1082,0x0000,0x0000,0x0000,0x0000,
  0x0020,0x0841,0x2104,0x18E3,0x10A2,0x10A2,0x0861,0x10A2,0x18C3,0x18C3,
  0x10A2,
  0x0000,0x0000,0x2104,0x4A69,0x31A6,0x31A6,0x2124,0x18E3,0x10A2,0x18E3,
  0x18C3,0x1082,0x1082,0x18E3,0x2945,0x39C7,0x632C,0x39E7,0x0000,0xD69A,
  0xFFFF,0xFFFF,0xFFFF,0xFFFF,0xFFFF,0xFFFF,0xFFFF,0xFFFF,0xE73C,0xEF5D,
  0xE73C,0xE71C,0xCE59,0xE71C,0xDEDB,0xEF7D,0xE73C,0xFFFF,0xFFFF,0x0000,
  0x0000,0x0000,0x0861,0x0861,0x0020,0x0020,0x0841,0x0020,0x1082,0x0861,
  0x0841,0x0841,0x0020,0x0000,0x0000,0x0000,0x0000,0x0000,0x0000,0x0000,
  0x0000,0x0000,0x0861,0x0841,0x0000,0x0861,0x0861,0x0861,0x1082,0x0841,
  0x18C3,0x0861,0x10A2,0x1082,0x18C3,0x18E3,0x10A2,0x10A2,0x1082,0x0020,
  0x2104,0x0000,0x0000,0x0000,0x0841,0x0000,0x0000,0x0000,0x0000,0x0000,
  0x1082,0x10A2,0x1082,0x0861,0x10A2,0x1082,0x1082,0x10A2,0x18C3,0x1082,
  0x10A2,
  0x0000,0x0000,0x2945,0x31A6,0x18E3,0x18E3,0x1082,0x18C3,0x0841,0x18E3,
  0x18C3,0x0020,0x1082,0x1082,0x18E3,0x528A,0x738E,0x18E3,0x0000,0xDEFB,
  0xFFFF,0xFFFF,0xFFFF,0xFFFF,0xFFDF,0xFFFF,0xFFFF,0xFFFF,0xDEFB,0xEF5D,
  0xDEFB,0xD69A,0xC638,0xC638,0xCE59,0xC638,0xBDF7,0xFFFF,0xC638,0x0000,
  0x0000,0x0841,0x0020,0x0000,0x0000,0x0020,0x0020,0x0000,0x0841,0x0861,
  0x0841,0x2104,0x18C3,0x0000,0x0000,0x0000,0x0000,0x0000,0x0000,0x1082,
  0x0861,0x0861,0x0841,0x0841,0x1082,0x0841,0x1082,0x18C3,0x18C3,0x1082,
  0x18C3,0x18E3,0x10A2,0x0000,0x0000,0x0000,0x0000,0x0000,0x1082,0x1082,
  0x2124,0x0000,0x0000,0x0000,0x0000,0x0000,0x0000,0x0000,0x0000,0x0000,
  0x0841,0x18E3,0x0861,0x18E3,0x18E3,0x10A2,0x1082,0x0861,0x18C3,0x18C3,
  0x18C3,
  0x0000,0x0000,0x18C3,0x31A6,0x18E3,0x10A2,0x18C3,0x2124,0x2104,0x2104,
  0x1082,0x0020,0x0861,0x18E3,0x39C7,0x4A69,0x6B6D,0x0020,0x0000,0xFFDF,
  0xFFFF,0xFFFF,0xFFFF,0xFFFF,0xFFDF,0xFFDF,0xFFFF,0xFFFF,0xF79E,0xE71C,
  0xDEDB,0xD69A,0xC638,0xC638,0xCE79,0xDEDB,0xC638,0xFFFF,0x4A49,0x0000,
  0x0020,0x0841,0x0020,0x0020,0x0000,0x0020,0x0000,0x0000,0x0020,0x0000,
  0x0000,0x10A2,0x0000,0x0000,0x0000,0x0000,0x0000,0x0000,0x0000,0x0020,
  0x0020,0x1082,0x1082,0x0841,0x0861,0x1082,0x18C3,0x18E3,0x18E3,0x18C3,
  0x0861,0x0000,0x0000,0x0020,0x10A2,0x18C3,0x18C3,0x1082,0x0841,0x2124,
  0x2945,0x0000,0x0000,0x0000,0x0000,0x0000,0x0000,0x0000,0x0000,0x1082,
  0x0861,0x1082,0x0861,0x18C3,0x18C3,0x18E3,0x2104,0x18E3,0x18E3,0x2104,
  0x18E3,
  0x0000,0x0000,0x10A2,0x3186,0x2104,0x18E3,0x18E3,0x1082,0x18E3,0x18C3,
  0x0841,0x0841,0x10A2,0x2945,0x4208,0x52AA,0x4A49,0x0020,0x39E7,0xDEDB,
  0xFFFF,0xFFFF,0xFFFF,0xFFFF,0xFFFF,0xFFDF,0xFFFF,0xFFFF,0xFFFF,0xDEDB,
  0xD6BA,0xD69A,0xD69A,0xCE79,0xD69A,0xD6BA,0xDEFB,0xE73C,0x2124,0x0000,
  0x0000,0x0020,0x0020,0x0861,0x0861,0x0000,0x0020,0x0020,0x0020,0x0861,
  0x0861,0x0861,0x0000,0x0000,0x0000,0x0000,0x0000,0x0000,0x0000,0x0861,
  0x0020,0x1082,0x1082,0x1082,0x1082,0x1082,0x0841,0x0020,0x0841,0x0861,
  0x1082,0x18E3,0x18C3,0x18E3,0x1082,0x0020,0x0020,0x0841,0x0841,0x10A2,
  0x10A2,0x0000,0x0000,0x0000,0x0000,0x0000,0x0000,0x0000,0x0841,0x0861,
  0x0841,0x1082,0x1082,0x1082,0x1082,0x18C3,0x10A2,0x10A2,0x18E3,0x18E3,
  0x10A2
};

#endif // PERON_IMAGE_H
